user_id,timestamp,latitude,longitude,speed,is_anomaly,lof_prediction,lof_predicted_anomaly
priya_001,2026-01-01 08:08:00,28.6139,77.209,22.275174325928774,0,1,0
priya_001,2026-01-01 08:11:00,28.61573333333333,77.20996666666667,18.511262445007898,0,1,0
priya_001,2026-01-01 08:14:00,28.61756666666667,77.21093333333333,19.35624236886202,0,1,0
priya_001,2026-01-01 08:17:00,28.6194,77.2119,22.6088676912682,0,1,0
priya_001,2026-01-01 08:20:00,28.621233333333336,77.21286666666667,24.72450652451741,0,1,0
priya_001,2026-01-01 08:23:00,28.623066666666663,77.21383333333333,21.04599294989095,0,1,0
priya_001,2026-01-01 08:26:00,28.6249,77.2148,18.58037320900696,0,1,0
priya_001,2026-01-01 08:29:00,28.62673333333333,77.21576666666667,24.7347536707414,0,1,0
priya_001,2026-01-01 08:32:00,28.628566666666668,77.21673333333332,17.72677637356124,0,1,0
priya_001,2026-01-01 08:35:00,28.6304,77.2177,23.88120129942193,0,1,0
priya_001,2026-01-01 09:00:00,28.6304,77.2177,0.0,0,1,0
priya_001,2026-01-01 10:00:00,28.6304,77.2177,0.0,0,1,0
priya_001,2026-01-01 11:00:00,28.6304,77.2177,0.0,0,1,0
priya_001,2026-01-01 12:00:00,28.6304,77.2177,0.0,0,1,0
priya_001,2026-01-01 13:00:00,28.6304,77.2177,0.0,0,1,0
priya_001,2026-01-01 17:00:00,28.6304,77.2177,20.73211972817926,0,1,0
priya_001,2026-01-01 17:03:00,28.628566666666668,77.21673333333332,17.784827816548678,0,1,0
priya_001,2026-01-01 17:06:00,28.62673333333333,77.21576666666667,16.75728476418502,0,1,0
priya_001,2026-01-01 17:09:00,28.6249,77.2148,15.946894679700588,0,1,0
priya_001,2026-01-01 17:12:00,28.623066666666663,77.21383333333333,22.44901158916544,0,1,0
priya_001,2026-01-01 17:15:00,28.621233333333336,77.21286666666667,23.567921575960572,0,1,0
priya_001,2026-01-01 17:18:00,28.6194,77.2119,20.53661023500052,0,1,0
priya_001,2026-01-01 17:21:00,28.61756666666667,77.21093333333333,20.19945671842312,0,1,0
priya_001,2026-01-01 17:24:00,28.61573333333333,77.20996666666667,20.211265241033693,0,1,0
priya_001,2026-01-01 17:27:00,28.6139,77.209,24.04708970266722,0,1,0
priya_001,2026-01-02 08:10:00,28.6139,77.209,22.602544090139368,0,1,0
priya_001,2026-01-02 08:13:00,28.61573333333333,77.20996666666667,20.318145722368172,0,1,0
priya_001,2026-01-02 08:16:00,28.61756666666667,77.21093333333333,23.364645026710708,0,1,0
priya_001,2026-01-02 08:19:00,28.6194,77.2119,20.88110155911929,0,1,0
priya_001,2026-01-02 08:22:00,28.621233333333336,77.21286666666667,15.555890069012952,0,1,0
priya_001,2026-01-02 08:25:00,28.623066666666663,77.21383333333333,22.846236139525924,0,1,0
priya_001,2026-01-02 08:28:00,28.6249,77.2148,23.5691252129694,0,1,0
priya_001,2026-01-02 08:31:00,28.62673333333333,77.21576666666667,24.480288528910528,0,1,0
priya_001,2026-01-02 08:34:00,28.628566666666668,77.21673333333332,19.80434854789396,0,1,0
priya_001,2026-01-02 08:37:00,28.6304,77.2177,17.541790358102737,0,1,0
priya_001,2026-01-02 09:00:00,28.6304,77.2177,0.0,0,1,0
priya_001,2026-01-02 10:00:00,28.6304,77.2177,0.0,0,1,0
priya_001,2026-01-02 11:00:00,28.6304,77.2177,0.0,0,1,0
priya_001,2026-01-02 12:00:00,28.6304,77.2177,0.0,0,1,0
priya_001,2026-01-02 13:00:00,28.6304,77.2177,0.0,0,1,0
priya_001,2026-01-02 17:00:00,28.6304,77.2177,18.441190589713894,0,1,0
priya_001,2026-01-02 17:03:00,28.628566666666668,77.21673333333332,20.3789347882851,0,1,0
priya_001,2026-01-02 17:06:00,28.62673333333333,77.21576666666667,15.36394516210265,0,1,0
priya_001,2026-01-02 17:09:00,28.6249,77.2148,22.035440404647133,0,1,0
priya_001,2026-01-02 17:12:00,28.623066666666663,77.21383333333333,19.99665567034461,0,1,0
priya_001,2026-01-02 17:15:00,28.621233333333336,77.21286666666667,16.906350408191095,0,1,0
priya_001,2026-01-02 17:18:00,28.6194,77.2119,20.41005339556816,0,1,0
priya_001,2026-01-02 17:21:00,28.61756666666667,77.21093333333333,22.30342363517996,0,1,0
priya_001,2026-01-02 17:24:00,28.61573333333333,77.20996666666667,19.052921419196437,0,1,0
priya_001,2026-01-02 17:27:00,28.6139,77.209,17.60877664423974,0,1,0
priya_001,2026-01-03 08:09:00,28.6139,77.209,18.727757563148423,0,1,0
priya_001,2026-01-03 08:12:00,28.61573333333333,77.20996666666667,15.759398800285936,0,1,0
priya_001,2026-01-03 08:15:00,28.61756666666667,77.21093333333333,23.12463566335432,0,1,0
priya_001,2026-01-03 08:18:00,28.6194,77.2119,24.055423377217195,0,1,0
priya_001,2026-01-03 08:21:00,28.621233333333336,77.21286666666667,18.83336363641372,0,1,0
priya_001,2026-01-03 08:24:00,28.623066666666663,77.21383333333333,24.47451696710133,0,1,0
priya_001,2026-01-03 08:27:00,28.6249,77.2148,19.79922560488322,0,1,0
priya_001,2026-01-03 08:30:00,28.62673333333333,77.21576666666667,21.86734553097032,0,1,0
priya_001,2026-01-03 08:33:00,28.628566666666668,77.21673333333332,17.649688097626193,0,1,0
priya_001,2026-01-03 08:36:00,28.6304,77.2177,24.236750344780592,0,1,0
priya_001,2026-01-03 09:00:00,28.6304,77.2177,0.0,0,1,0
priya_001,2026-01-03 10:00:00,28.6304,77.2177,0.0,0,1,0
priya_001,2026-01-03 11:00:00,28.6304,77.2177,0.0,0,1,0
priya_001,2026-01-03 12:00:00,28.6304,77.2177,0.0,0,1,0
priya_001,2026-01-03 13:00:00,28.6304,77.2177,0.0,0,1,0
priya_001,2026-01-03 17:00:00,28.6304,77.2177,17.909329377830584,0,1,0
priya_001,2026-01-03 17:03:00,28.628566666666668,77.21673333333332,16.137712133155617,0,1,0
priya_001,2026-01-03 17:06:00,28.62673333333333,77.21576666666667,19.574945157573488,0,1,0
priya_001,2026-01-03 17:09:00,28.6249,77.2148,22.911651144975227,0,1,0
priya_001,2026-01-03 17:12:00,28.623066666666663,77.21383333333333,18.215457402191404,0,1,0
priya_001,2026-01-03 17:15:00,28.621233333333336,77.21286666666667,17.741836245176046,0,1,0
priya_001,2026-01-03 17:18:00,28.6194,77.2119,19.08077633031802,0,1,0
priya_001,2026-01-03 17:21:00,28.61756666666667,77.21093333333333,16.20152555922962,0,1,0
priya_001,2026-01-03 17:24:00,28.61573333333333,77.20996666666667,19.42130071738215,0,1,0
priya_001,2026-01-03 17:27:00,28.6139,77.209,24.20656926781421,0,1,0
priya_001,2026-01-04 07:53:00,28.6139,77.209,21.447569150024822,0,1,0
priya_001,2026-01-04 07:56:00,28.61573333333333,77.20996666666667,23.834553760093133,0,1,0
priya_001,2026-01-04 07:59:00,28.61756666666667,77.21093333333333,18.31919595454361,0,1,0
priya_001,2026-01-04 08:02:00,28.6194,77.2119,16.094706806693022,0,1,0
priya_001,2026-01-04 08:05:00,28.621233333333336,77.21286666666667,21.405278383145152,0,1,0
priya_001,2026-01-04 08:08:00,28.623066666666663,77.21383333333333,23.63807924682964,0,1,0
priya_001,2026-01-04 08:11:00,28.6249,77.2148,24.471965099632836,0,1,0
priya_001,2026-01-04 08:14:00,28.62673333333333,77.21576666666667,21.97059474668886,0,1,0
priya_001,2026-01-04 08:17:00,28.628566666666668,77.21673333333332,16.235643608520895,0,1,0
priya_001,2026-01-04 08:20:00,28.6304,77.2177,22.89789497465208,0,1,0
priya_001,2026-01-04 09:00:00,28.6304,77.2177,0.0,0,1,0
priya_001,2026-01-04 10:00:00,28.6304,77.2177,0.0,0,1,0
priya_001,2026-01-04 11:00:00,28.6304,77.2177,0.0,0,1,0
priya_001,2026-01-04 12:00:00,28.6304,77.2177,0.0,0,1,0
priya_001,2026-01-04 13:00:00,28.6304,77.2177,0.0,0,1,0
priya_001,2026-01-04 17:00:00,28.6304,77.2177,18.057031448717268,0,1,0
priya_001,2026-01-04 17:03:00,28.628566666666668,77.21673333333332,17.390010642604924,0,1,0
priya_001,2026-01-04 17:06:00,28.62673333333333,77.21576666666667,22.471757714436254,0,1,0
priya_001,2026-01-04 17:09:00,28.6249,77.2148,17.11180393434011,0,1,0
priya_001,2026-01-04 17:12:00,28.623066666666663,77.21383333333333,16.7545125652822,0,1,0
priya_001,2026-01-04 17:15:00,28.621233333333336,77.21286666666667,19.963815051556765,0,1,0
priya_001,2026-01-04 17:18:00,28.6194,77.2119,20.21534032576834,0,1,0
priya_001,2026-01-04 17:21:00,28.61756666666667,77.21093333333333,21.48139534988697,0,1,0
priya_001,2026-01-04 17:24:00,28.61573333333333,77.20996666666667,24.23910320203823,0,1,0
priya_001,2026-01-04 17:27:00,28.6139,77.209,23.89669139214293,0,1,0
priya_001,2026-01-05 07:47:00,28.6139,77.209,23.036920701623465,0,1,0
priya_001,2026-01-05 07:50:00,28.61573333333333,77.20996666666667,21.149404013771573,0,1,0
priya_001,2026-01-05 07:53:00,28.61756666666667,77.21093333333333,17.7306552749153,0,1,0
priya_001,2026-01-05 07:56:00,28.6194,77.2119,24.72912548166248,0,1,0
priya_001,2026-01-05 07:59:00,28.621233333333336,77.21286666666667,20.06274266034468,0,1,0
priya_001,2026-01-05 08:02:00,28.623066666666663,77.21383333333333,16.286261317073052,0,1,0
priya_001,2026-01-05 08:05:00,28.6249,77.2148,20.372802114098945,0,1,0
priya_001,2026-01-05 08:08:00,28.62673333333333,77.21576666666667,15.698390971671737,0,1,0
priya_001,2026-01-05 08:11:00,28.628566666666668,77.21673333333332,24.46215643814297,0,1,0
priya_001,2026-01-05 08:14:00,28.6304,77.2177,17.32426324036521,0,1,0
priya_001,2026-01-05 09:00:00,28.6304,77.2177,0.0,0,1,0
priya_001,2026-01-05 10:00:00,28.6304,77.2177,0.0,0,1,0
priya_001,2026-01-05 11:00:00,28.6304,77.2177,0.0,0,1,0
priya_001,2026-01-05 12:00:00,28.6304,77.2177,0.0,0,1,0
priya_001,2026-01-05 13:00:00,28.6304,77.2177,0.0,0,1,0
priya_001,2026-01-05 17:00:00,28.6304,77.2177,21.806230248242876,0,1,0
priya_001,2026-01-05 17:03:00,28.628566666666668,77.21673333333332,16.801759509699934,0,1,0
priya_001,2026-01-05 17:06:00,28.62673333333333,77.21576666666667,24.68856379046672,0,1,0
priya_001,2026-01-05 17:09:00,28.6249,77.2148,17.67988790310668,0,1,0
priya_001,2026-01-05 17:12:00,28.623066666666663,77.21383333333333,20.571902020857884,0,1,0
priya_001,2026-01-05 17:15:00,28.621233333333336,77.21286666666667,15.69838276982223,0,1,0
priya_001,2026-01-05 17:18:00,28.6194,77.2119,23.906404322310426,0,1,0
priya_001,2026-01-05 17:21:00,28.61756666666667,77.21093333333333,20.89032903515868,0,1,0
priya_001,2026-01-05 17:24:00,28.61573333333333,77.20996666666667,23.12052238300982,0,1,0
priya_001,2026-01-05 17:27:00,28.6139,77.209,22.71464245599028,0,1,0
priya_001,2026-01-06 07:54:00,28.6139,77.209,20.4806143910647,0,1,0
priya_001,2026-01-06 07:57:00,28.61573333333333,77.20996666666667,23.526662832532804,0,1,0
priya_001,2026-01-06 08:00:00,28.61756666666667,77.21093333333333,21.859033319179773,0,1,0
priya_001,2026-01-06 08:03:00,28.6194,77.2119,23.49303244072741,0,1,0
priya_001,2026-01-06 08:06:00,28.621233333333336,77.21286666666667,16.203611870645485,0,1,0
priya_001,2026-01-06 08:09:00,28.623066666666663,77.21383333333333,19.67715885154001,0,1,0
priya_001,2026-01-06 08:12:00,28.6249,77.2148,18.091278211039107,0,1,0
priya_001,2026-01-06 08:15:00,28.62673333333333,77.21576666666667,24.468727892995958,0,1,0
priya_001,2026-01-06 08:18:00,28.628566666666668,77.21673333333332,15.669334720476552,0,1,0
priya_001,2026-01-06 08:21:00,28.6304,77.2177,22.39935559866076,0,1,0
priya_001,2026-01-06 09:00:00,28.6304,77.2177,0.0,0,1,0
priya_001,2026-01-06 10:00:00,28.6304,77.2177,0.0,0,1,0
priya_001,2026-01-06 11:00:00,28.6304,77.2177,0.0,0,1,0
priya_001,2026-01-06 12:00:00,28.6304,77.2177,0.0,0,1,0
priya_001,2026-01-06 13:00:00,28.6304,77.2177,0.0,0,1,0
priya_001,2026-01-06 17:00:00,28.6304,77.2177,22.94884857033161,0,1,0
priya_001,2026-01-06 17:03:00,28.628566666666668,77.21673333333332,23.363745043973903,0,1,0
priya_001,2026-01-06 17:06:00,28.62673333333333,77.21576666666667,23.101168556059683,0,1,0
priya_001,2026-01-06 17:09:00,28.6249,77.2148,20.24051303879854,0,1,0
priya_001,2026-01-06 17:12:00,28.623066666666663,77.21383333333333,20.250055613788653,0,1,0
priya_001,2026-01-06 17:15:00,28.621233333333336,77.21286666666667,21.470213230305696,0,1,0
priya_001,2026-01-06 17:18:00,28.6194,77.2119,16.01835149440948,0,1,0
priya_001,2026-01-06 17:21:00,28.61756666666667,77.21093333333333,24.22965955832555,0,1,0
priya_001,2026-01-06 17:24:00,28.61573333333333,77.20996666666667,19.70101116876035,0,1,0
priya_001,2026-01-06 17:27:00,28.6139,77.209,18.015786233244597,0,1,0
priya_001,2026-01-07 07:50:00,28.6139,77.209,17.8118325379794,0,1,0
priya_001,2026-01-07 07:53:00,28.61573333333333,77.20996666666667,22.22681955822853,0,1,0
priya_001,2026-01-07 07:56:00,28.61756666666667,77.21093333333333,19.92095044635807,0,1,0
priya_001,2026-01-07 07:59:00,28.6194,77.2119,19.67360564123392,0,1,0
priya_001,2026-01-07 08:02:00,28.621233333333336,77.21286666666667,24.12315145356977,0,1,0
priya_001,2026-01-07 08:05:00,28.623066666666663,77.21383333333333,21.89438166127143,0,1,0
priya_001,2026-01-07 08:08:00,28.6249,77.2148,21.919366725945597,0,1,0
priya_001,2026-01-07 08:11:00,28.62673333333333,77.21576666666667,19.990568210654203,0,1,0
priya_001,2026-01-07 08:14:00,28.628566666666668,77.21673333333332,24.50894858521259,0,1,0
priya_001,2026-01-07 08:17:00,28.6304,77.2177,24.77652002723272,0,1,0
priya_001,2026-01-07 09:00:00,28.6304,77.2177,0.0,0,1,0
priya_001,2026-01-07 10:00:00,28.6304,77.2177,0.0,0,1,0
priya_001,2026-01-07 11:00:00,28.6304,77.2177,0.0,0,1,0
priya_001,2026-01-07 12:00:00,28.6304,77.2177,0.0,0,1,0
priya_001,2026-01-07 13:00:00,28.6304,77.2177,0.0,0,1,0
priya_001,2026-01-07 17:00:00,28.6304,77.2177,23.384669082807903,0,1,0
priya_001,2026-01-07 17:03:00,28.628566666666668,77.21673333333332,17.586577858387393,0,1,0
priya_001,2026-01-07 17:06:00,28.62673333333333,77.21576666666667,24.2958441591476,0,1,0
priya_001,2026-01-07 17:09:00,28.6249,77.2148,16.41204910288248,0,1,0
priya_001,2026-01-07 17:12:00,28.623066666666663,77.21383333333333,20.7822924332851,0,1,0
priya_001,2026-01-07 17:15:00,28.621233333333336,77.21286666666667,18.908171697799183,0,1,0
priya_001,2026-01-07 17:18:00,28.6194,77.2119,22.63585690013389,0,1,0
priya_001,2026-01-07 17:21:00,28.61756666666667,77.21093333333333,17.526459985971297,0,1,0
priya_001,2026-01-07 17:24:00,28.61573333333333,77.20996666666667,24.077396299813667,0,1,0
priya_001,2026-01-07 17:27:00,28.6139,77.209,15.93482168033115,0,1,0
priya_001,2026-01-08 08:12:00,28.6139,77.209,17.327759152808653,0,1,0
priya_001,2026-01-08 08:15:00,28.61573333333333,77.20996666666667,15.145431053975194,0,1,0
priya_001,2026-01-08 08:18:00,28.61756666666667,77.21093333333333,19.83883899508693,0,1,0
priya_001,2026-01-08 08:21:00,28.6194,77.2119,22.22361612555976,0,1,0
priya_001,2026-01-08 08:24:00,28.621233333333336,77.21286666666667,24.6714722979438,0,1,0
priya_001,2026-01-08 08:27:00,28.623066666666663,77.21383333333333,22.594465245064782,0,1,0
priya_001,2026-01-08 08:30:00,28.6249,77.2148,24.299069251613425,0,1,0
priya_001,2026-01-08 08:33:00,28.62673333333333,77.21576666666667,20.248006028623443,0,1,0
priya_001,2026-01-08 08:36:00,28.628566666666668,77.21673333333332,22.384686303329712,0,1,0
priya_001,2026-01-08 08:39:00,28.6304,77.2177,15.574731879577326,0,1,0
priya_001,2026-01-08 09:00:00,28.6304,77.2177,0.0,0,1,0
priya_001,2026-01-08 10:00:00,28.6304,77.2177,0.0,0,1,0
priya_001,2026-01-08 11:00:00,28.6304,77.2177,0.0,0,1,0
priya_001,2026-01-08 12:00:00,28.6304,77.2177,0.0,0,1,0
priya_001,2026-01-08 13:00:00,28.6304,77.2177,0.0,0,1,0
priya_001,2026-01-08 17:00:00,28.6304,77.2177,19.415489871755547,0,1,0
priya_001,2026-01-08 17:03:00,28.628566666666668,77.21673333333332,19.056299479095387,0,1,0
priya_001,2026-01-08 17:06:00,28.62673333333333,77.21576666666667,22.666276346872827,0,1,0
priya_001,2026-01-08 17:09:00,28.6249,77.2148,19.275941123895866,0,1,0
priya_001,2026-01-08 17:12:00,28.623066666666663,77.21383333333333,18.45604773894976,0,1,0
priya_001,2026-01-08 17:15:00,28.621233333333336,77.21286666666667,18.871367985139297,0,1,0
priya_001,2026-01-08 17:18:00,28.6194,77.2119,17.843574988073883,0,1,0
priya_001,2026-01-08 17:21:00,28.61756666666667,77.21093333333333,24.395006463812337,0,1,0
priya_001,2026-01-08 17:24:00,28.61573333333333,77.20996666666667,22.72843560768145,0,1,0
priya_001,2026-01-08 17:27:00,28.6139,77.209,15.844799423978444,0,1,0
priya_001,2026-01-09 07:51:00,28.6139,77.209,23.973037120937747,0,1,0
priya_001,2026-01-09 07:54:00,28.61573333333333,77.20996666666667,23.48446986491283,0,1,0
priya_001,2026-01-09 07:57:00,28.61756666666667,77.21093333333333,20.86948982664973,0,1,0
priya_001,2026-01-09 08:00:00,28.6194,77.2119,24.04639407856782,0,1,0
priya_001,2026-01-09 08:03:00,28.621233333333336,77.21286666666667,17.402940729152704,0,1,0
priya_001,2026-01-09 08:06:00,28.623066666666663,77.21383333333333,21.28197173131541,0,1,0
priya_001,2026-01-09 08:09:00,28.6249,77.2148,23.27302771430916,0,1,0
priya_001,2026-01-09 08:12:00,28.62673333333333,77.21576666666667,16.755659519053648,0,1,0
priya_001,2026-01-09 08:15:00,28.628566666666668,77.21673333333332,17.28678976157675,0,1,0
priya_001,2026-01-09 08:18:00,28.6304,77.2177,17.617751309508105,0,1,0
priya_001,2026-01-09 09:00:00,28.6304,77.2177,0.0,0,1,0
priya_001,2026-01-09 10:00:00,28.6304,77.2177,0.0,0,1,0
priya_001,2026-01-09 11:00:00,28.6304,77.2177,0.0,0,1,0
priya_001,2026-01-09 12:00:00,28.6304,77.2177,0.0,0,1,0
priya_001,2026-01-09 13:00:00,28.6304,77.2177,0.0,0,1,0
priya_001,2026-01-09 17:00:00,28.6304,77.2177,22.923383452845584,0,1,0
priya_001,2026-01-09 17:03:00,28.628566666666668,77.21673333333332,18.51171742399333,0,1,0
priya_001,2026-01-09 17:06:00,28.62673333333333,77.21576666666667,17.712528439294353,0,1,0
priya_001,2026-01-09 17:09:00,28.6249,77.2148,15.93316866783693,0,1,0
priya_001,2026-01-09 17:12:00,28.623066666666663,77.21383333333333,24.15458142796884,0,1,0
priya_001,2026-01-09 17:15:00,28.621233333333336,77.21286666666667,19.285331978682223,0,1,0
priya_001,2026-01-09 17:18:00,28.6194,77.2119,19.752597718766065,0,1,0
priya_001,2026-01-09 17:21:00,28.61756666666667,77.21093333333333,20.8022005359828,0,1,0
priya_001,2026-01-09 17:24:00,28.61573333333333,77.20996666666667,19.22967847554232,0,1,0
priya_001,2026-01-09 17:27:00,28.6139,77.209,23.22859049870938,0,1,0
priya_001,2026-01-10 08:01:00,28.6139,77.209,17.86098633669922,0,1,0
priya_001,2026-01-10 08:04:00,28.61573333333333,77.20996666666667,22.13090700561643,0,1,0
priya_001,2026-01-10 08:07:00,28.61756666666667,77.21093333333333,22.331150296477706,0,1,0
priya_001,2026-01-10 08:10:00,28.6194,77.2119,23.379593911475062,0,1,0
priya_001,2026-01-10 08:13:00,28.621233333333336,77.21286666666667,21.62597945604092,0,1,0
priya_001,2026-01-10 08:16:00,28.623066666666663,77.21383333333333,19.74694618098932,0,1,0
priya_001,2026-01-10 08:19:00,28.6249,77.2148,16.709992391602412,0,1,0
priya_001,2026-01-10 08:22:00,28.62673333333333,77.21576666666667,18.86881204862225,0,1,0
priya_001,2026-01-10 08:25:00,28.628566666666668,77.21673333333332,20.97666961094357,0,1,0
priya_001,2026-01-10 08:28:00,28.6304,77.2177,20.187481346722127,0,1,0
priya_001,2026-01-10 09:00:00,28.6304,77.2177,0.0,0,1,0
priya_001,2026-01-10 10:00:00,28.6304,77.2177,0.0,0,1,0
priya_001,2026-01-10 11:00:00,28.6304,77.2177,0.0,0,1,0
priya_001,2026-01-10 12:00:00,28.6304,77.2177,0.0,0,1,0
priya_001,2026-01-10 13:00:00,28.6304,77.2177,0.0,0,1,0
priya_001,2026-01-10 17:00:00,28.6304,77.2177,17.714253354068852,0,1,0
priya_001,2026-01-10 17:03:00,28.628566666666668,77.21673333333332,15.873508227114698,0,1,0
priya_001,2026-01-10 17:06:00,28.62673333333333,77.21576666666667,19.46484643843967,0,1,0
priya_001,2026-01-10 17:09:00,28.6249,77.2148,21.18609717521076,0,1,0
priya_001,2026-01-10 17:12:00,28.623066666666663,77.21383333333333,23.5736588562326,0,1,0
priya_001,2026-01-10 17:15:00,28.621233333333336,77.21286666666667,23.70042457332329,0,1,0
priya_001,2026-01-10 17:18:00,28.6194,77.2119,20.976957794819725,0,1,0
priya_001,2026-01-10 17:21:00,28.61756666666667,77.21093333333333,19.35960580227706,0,1,0
priya_001,2026-01-10 17:24:00,28.61573333333333,77.20996666666667,20.29403479433392,0,1,0
priya_001,2026-01-10 17:27:00,28.6139,77.209,19.52862820536444,0,1,0
priya_001,2026-01-11 08:00:00,28.6139,77.209,24.850650203981917,0,1,0
priya_001,2026-01-11 08:03:00,28.61573333333333,77.20996666666667,23.46209907934497,0,1,0
priya_001,2026-01-11 08:06:00,28.61756666666667,77.21093333333333,23.48477333868056,0,1,0
priya_001,2026-01-11 08:09:00,28.6194,77.2119,19.629622448530363,0,1,0
priya_001,2026-01-11 08:12:00,28.621233333333336,77.21286666666667,23.2645964609586,0,1,0
priya_001,2026-01-11 08:15:00,28.623066666666663,77.21383333333333,17.071222427059425,0,1,0
priya_001,2026-01-11 08:18:00,28.6249,77.2148,15.3872212516419,0,1,0
priya_001,2026-01-11 08:21:00,28.62673333333333,77.21576666666667,17.363422267053686,0,1,0
priya_001,2026-01-11 08:24:00,28.628566666666668,77.21673333333332,22.43384817689008,0,1,0
priya_001,2026-01-11 08:27:00,28.6304,77.2177,17.228130777018787,0,1,0
priya_001,2026-01-11 23:00:00,28.70592097099553,77.27685022164474,0.0,1,-1,1
priya_001,2026-01-11 23:10:00,28.70592097099553,77.27685022164474,0.0,1,-1,1
priya_001,2026-01-11 23:20:00,28.70592097099553,77.27685022164474,0.0,1,-1,1
priya_001,2026-01-11 23:30:00,28.70592097099553,77.27685022164474,0.0,1,-1,1
priya_001,2026-01-11 23:40:00,28.70592097099553,77.27685022164474,0.0,1,-1,1
priya_001,2026-01-11 23:50:00,28.70592097099553,77.27685022164474,0.0,1,-1,1
priya_001,2026-01-12 08:14:00,28.6139,77.209,18.369797566322667,0,1,0
priya_001,2026-01-12 08:17:00,28.61573333333333,77.20996666666667,23.426912962956276,0,1,0
priya_001,2026-01-12 08:20:00,28.61756666666667,77.21093333333333,20.60947202478021,0,1,0
priya_001,2026-01-12 08:23:00,28.6194,77.2119,21.797603346381145,0,1,0
priya_001,2026-01-12 08:26:00,28.621233333333336,77.21286666666667,24.74681227905799,0,1,0
priya_001,2026-01-12 08:29:00,28.623066666666663,77.21383333333333,19.728707223787616,0,1,0
priya_001,2026-01-12 08:32:00,28.6249,77.2148,19.61622281781497,0,1,0
priya_001,2026-01-12 08:35:00,28.62673333333333,77.21576666666667,17.94190641611443,0,1,0
priya_001,2026-01-12 08:38:00,28.628566666666668,77.21673333333332,23.212710674360345,0,1,0
priya_001,2026-01-12 08:41:00,28.6304,77.2177,18.665055218362173,0,1,0
priya_001,2026-01-12 09:00:00,28.6304,77.2177,0.0,0,1,0
priya_001,2026-01-12 10:00:00,28.6304,77.2177,0.0,0,1,0
priya_001,2026-01-12 11:00:00,28.6304,77.2177,0.0,0,1,0
priya_001,2026-01-12 12:00:00,28.6304,77.2177,0.0,0,1,0
priya_001,2026-01-12 13:00:00,28.6304,77.2177,0.0,0,1,0
priya_001,2026-01-12 17:00:00,28.6304,77.2177,17.913261471752385,0,1,0
priya_001,2026-01-12 17:03:00,28.628566666666668,77.21673333333332,19.321516228965177,0,1,0
priya_001,2026-01-12 17:06:00,28.62673333333333,77.21576666666667,17.479674933331477,0,1,0
priya_001,2026-01-12 17:09:00,28.6249,77.2148,20.199146333478897,0,1,0
priya_001,2026-01-12 17:12:00,28.623066666666663,77.21383333333333,22.821043774182307,0,1,0
priya_001,2026-01-12 17:15:00,28.621233333333336,77.21286666666667,19.83422384776907,0,1,0
priya_001,2026-01-12 17:18:00,28.6194,77.2119,24.640468877635804,0,1,0
priya_001,2026-01-12 17:21:00,28.61756666666667,77.21093333333333,24.01496558270285,0,1,0
priya_001,2026-01-12 17:24:00,28.61573333333333,77.20996666666667,20.24062883917809,0,1,0
priya_001,2026-01-12 17:27:00,28.6139,77.209,18.35005218859028,0,1,0
priya_001,2026-01-13 07:59:00,28.6139,77.209,19.030361864499564,0,1,0
priya_001,2026-01-13 08:02:00,28.61573333333333,77.20996666666667,23.97587708386048,0,1,0
priya_001,2026-01-13 08:05:00,28.61756666666667,77.21093333333333,22.814954580014764,0,1,0
priya_001,2026-01-13 08:08:00,28.6194,77.2119,22.444369973164463,0,1,0
priya_001,2026-01-13 08:11:00,28.621233333333336,77.21286666666667,21.79917490397664,0,1,0
priya_001,2026-01-13 08:14:00,28.623066666666663,77.21383333333333,22.40992368111182,0,1,0
priya_001,2026-01-13 08:17:00,28.6249,77.2148,20.06615127113404,0,1,0
priya_001,2026-01-13 08:20:00,28.62673333333333,77.21576666666667,19.601957371559926,0,1,0
priya_001,2026-01-13 08:23:00,28.628566666666668,77.21673333333332,15.22808559107012,0,1,0
priya_001,2026-01-13 08:26:00,28.6304,77.2177,20.56879436186655,0,1,0
priya_001,2026-01-13 09:00:00,28.6304,77.2177,0.0,0,1,0
priya_001,2026-01-13 10:00:00,28.6304,77.2177,0.0,0,1,0
priya_001,2026-01-13 11:00:00,28.6304,77.2177,0.0,0,1,0
priya_001,2026-01-13 12:00:00,28.6304,77.2177,0.0,0,1,0
priya_001,2026-01-13 13:00:00,28.6304,77.2177,0.0,0,1,0
priya_001,2026-01-13 17:00:00,28.6304,77.2177,24.125594174570047,0,1,0
priya_001,2026-01-13 17:03:00,28.628566666666668,77.21673333333332,18.039665704225985,0,1,0
priya_001,2026-01-13 17:06:00,28.62673333333333,77.21576666666667,20.682992911062037,0,1,0
priya_001,2026-01-13 17:09:00,28.6249,77.2148,23.486816138225205,0,1,0
priya_001,2026-01-13 17:12:00,28.623066666666663,77.21383333333333,24.963456933093678,0,1,0
priya_001,2026-01-13 17:15:00,28.621233333333336,77.21286666666667,20.82981375690104,0,1,0
priya_001,2026-01-13 17:18:00,28.6194,77.2119,21.32337950383737,0,1,0
priya_001,2026-01-13 17:21:00,28.61756666666667,77.21093333333333,16.526949013972438,0,1,0
priya_001,2026-01-13 17:24:00,28.61573333333333,77.20996666666667,24.47347581747361,0,1,0
priya_001,2026-01-13 17:27:00,28.6139,77.209,24.953431423954655,0,1,0
priya_001,2026-01-14 08:00:00,28.6139,77.209,15.244984390634215,0,1,0
priya_001,2026-01-14 08:03:00,28.61573333333333,77.20996666666667,19.531663078924936,0,1,0
priya_001,2026-01-14 08:06:00,28.61756666666667,77.21093333333333,17.817973005287943,0,1,0
priya_001,2026-01-14 08:09:00,28.6194,77.2119,15.749302081660051,0,1,0
priya_001,2026-01-14 08:12:00,28.621233333333336,77.21286666666667,18.448602186843388,0,1,0
priya_001,2026-01-14 08:15:00,28.623066666666663,77.21383333333333,17.150857790605038,0,1,0
priya_001,2026-01-14 08:18:00,28.6249,77.2148,24.79090268172284,0,1,0
priya_001,2026-01-14 08:21:00,28.62673333333333,77.21576666666667,17.81516673351714,0,1,0
priya_001,2026-01-14 08:24:00,28.628566666666668,77.21673333333332,22.73269295513394,0,1,0
priya_001,2026-01-14 08:27:00,28.6304,77.2177,22.95908419422662,0,1,0
priya_001,2026-01-14 09:00:00,28.6304,77.2177,0.0,0,1,0
priya_001,2026-01-14 10:00:00,28.6304,77.2177,0.0,0,1,0
priya_001,2026-01-14 11:00:00,28.6304,77.2177,0.0,0,1,0
priya_001,2026-01-14 12:00:00,28.6304,77.2177,0.0,0,1,0
priya_001,2026-01-14 13:00:00,28.6304,77.2177,0.0,0,1,0
priya_001,2026-01-14 17:00:00,28.6304,77.2177,20.79766889047462,0,1,0
priya_001,2026-01-14 17:03:00,28.628566666666668,77.21673333333332,16.73775755354536,0,1,0
priya_001,2026-01-14 17:06:00,28.62673333333333,77.21576666666667,24.379504086769806,0,1,0
priya_001,2026-01-14 17:09:00,28.6249,77.2148,23.656265173290947,0,1,0
priya_001,2026-01-14 17:12:00,28.623066666666663,77.21383333333333,17.945310949337866,0,1,0
priya_001,2026-01-14 17:15:00,28.621233333333336,77.21286666666667,23.79363099426636,0,1,0
priya_001,2026-01-14 17:18:00,28.6194,77.2119,23.33418346838412,0,1,0
priya_001,2026-01-14 17:21:00,28.61756666666667,77.21093333333333,21.901485889043173,0,1,0
priya_001,2026-01-14 17:24:00,28.61573333333333,77.20996666666667,24.82968067088072,0,1,0
priya_001,2026-01-14 17:27:00,28.6139,77.209,15.83463494914469,0,1,0
priya_001,2026-01-15 08:08:00,28.6139,77.209,16.217594030097075,0,1,0
priya_001,2026-01-15 08:11:00,28.61573333333333,77.20996666666667,17.05975643199454,0,1,0
priya_001,2026-01-15 08:14:00,28.61756666666667,77.21093333333333,21.65961287931551,0,1,0
priya_001,2026-01-15 08:17:00,28.6194,77.2119,22.57912124308712,0,1,0
priya_001,2026-01-15 08:20:00,28.621233333333336,77.21286666666667,24.71726590535244,0,1,0
priya_001,2026-01-15 08:23:00,28.623066666666663,77.21383333333333,21.39372331045968,0,1,0
priya_001,2026-01-15 08:26:00,28.6249,77.2148,16.61693425162312,0,1,0
priya_001,2026-01-15 08:29:00,28.62673333333333,77.21576666666667,23.15000092033366,0,1,0
priya_001,2026-01-15 08:32:00,28.628566666666668,77.21673333333332,16.90176043240874,0,1,0
priya_001,2026-01-15 08:35:00,28.6304,77.2177,24.12354476789979,0,1,0
priya_001,2026-01-15 09:00:00,28.6304,77.2177,0.0,0,1,0
priya_001,2026-01-15 10:00:00,28.6304,77.2177,0.0,0,1,0
priya_001,2026-01-15 11:00:00,28.6304,77.2177,0.0,0,1,0
priya_001,2026-01-15 12:00:00,28.6304,77.2177,0.0,0,1,0
priya_001,2026-01-15 13:00:00,28.6304,77.2177,0.0,0,1,0
priya_001,2026-01-15 17:00:00,28.6304,77.2177,18.373088220945444,0,1,0
priya_001,2026-01-15 17:03:00,28.628566666666668,77.21673333333332,15.583121628656254,0,1,0
priya_001,2026-01-15 17:06:00,28.62673333333333,77.21576666666667,17.6905504256072,0,1,0
priya_001,2026-01-15 17:09:00,28.6249,77.2148,21.794443633899263,0,1,0
priya_001,2026-01-15 17:12:00,28.623066666666663,77.21383333333333,22.70656282608532,0,1,0
priya_001,2026-01-15 17:15:00,28.621233333333336,77.21286666666667,15.78953386820169,0,1,0
priya_001,2026-01-15 17:18:00,28.6194,77.2119,21.66980914476908,0,1,0
priya_001,2026-01-15 17:21:00,28.61756666666667,77.21093333333333,18.083924776546123,0,1,0
priya_001,2026-01-15 17:24:00,28.61573333333333,77.20996666666667,18.92264794897717,0,1,0
priya_001,2026-01-15 17:27:00,28.6139,77.209,20.42890563611583,0,1,0
priya_001,2026-01-16 07:53:00,28.6139,77.209,16.73003102791588,0,1,0
priya_001,2026-01-16 07:56:00,28.61573333333333,77.20996666666667,24.86735862842361,0,1,0
priya_001,2026-01-16 07:59:00,28.61756666666667,77.21093333333333,22.44588980423954,0,1,0
priya_001,2026-01-16 08:02:00,28.6194,77.2119,22.444618899635383,0,1,0
priya_001,2026-01-16 08:05:00,28.621233333333336,77.21286666666667,19.41698848211944,0,1,0
priya_001,2026-01-16 08:08:00,28.623066666666663,77.21383333333333,21.02780443740084,0,1,0
priya_001,2026-01-16 08:11:00,28.6249,77.2148,17.06395244479184,0,1,0
priya_001,2026-01-16 08:14:00,28.62673333333333,77.21576666666667,22.439343564333058,0,1,0
priya_001,2026-01-16 08:17:00,28.628566666666668,77.21673333333332,15.581878010197205,0,1,0
priya_001,2026-01-16 08:20:00,28.6304,77.2177,21.368075278703152,0,1,0
priya_001,2026-01-16 09:00:00,28.6304,77.2177,0.0,0,1,0
priya_001,2026-01-16 10:00:00,28.6304,77.2177,0.0,0,1,0
priya_001,2026-01-16 11:00:00,28.6304,77.2177,0.0,0,1,0
priya_001,2026-01-16 12:00:00,28.6304,77.2177,0.0,0,1,0
priya_001,2026-01-16 13:00:00,28.6304,77.2177,0.0,0,1,0
priya_001,2026-01-16 17:00:00,28.6304,77.2177,22.23339991841252,0,1,0
priya_001,2026-01-16 17:03:00,28.628566666666668,77.21673333333332,22.956941363756524,0,1,0
priya_001,2026-01-16 17:06:00,28.62673333333333,77.21576666666667,17.789821456422324,0,1,0
priya_001,2026-01-16 17:09:00,28.6249,77.2148,22.772775177731745,0,1,0
priya_001,2026-01-16 17:12:00,28.623066666666663,77.21383333333333,23.907721922646896,0,1,0
priya_001,2026-01-16 17:15:00,28.621233333333336,77.21286666666667,15.266071501704818,0,1,0
priya_001,2026-01-16 17:18:00,28.6194,77.2119,16.566345115484648,0,1,0
priya_001,2026-01-16 17:21:00,28.61756666666667,77.21093333333333,20.250461834159424,0,1,0
priya_001,2026-01-16 17:24:00,28.61573333333333,77.20996666666667,18.950401776507466,0,1,0
priya_001,2026-01-16 17:27:00,28.6139,77.209,16.858789961971357,0,1,0
priya_001,2026-01-17 07:52:00,28.6139,77.209,23.77513626874345,0,1,0
priya_001,2026-01-17 07:55:00,28.61573333333333,77.20996666666667,24.96727202076193,0,-1,1
priya_001,2026-01-17 07:58:00,28.61756666666667,77.21093333333333,15.327059755755029,0,1,0
priya_001,2026-01-17 08:01:00,28.6194,77.2119,15.848676598054697,0,1,0
priya_001,2026-01-17 08:04:00,28.621233333333336,77.21286666666667,17.817823220440914,0,1,0
priya_001,2026-01-17 08:07:00,28.623066666666663,77.21383333333333,16.0295120902461,0,1,0
priya_001,2026-01-17 08:10:00,28.6249,77.2148,24.00536489206214,0,1,0
priya_001,2026-01-17 08:13:00,28.62673333333333,77.21576666666667,15.025440575514647,0,1,0
priya_001,2026-01-17 08:16:00,28.628566666666668,77.21673333333332,17.255871006266787,0,1,0
priya_001,2026-01-17 08:19:00,28.6304,77.2177,22.52220058796805,0,1,0
priya_001,2026-01-17 09:00:00,28.6304,77.2177,0.0,0,1,0
priya_001,2026-01-17 10:00:00,28.6304,77.2177,0.0,0,1,0
priya_001,2026-01-17 11:00:00,28.6304,77.2177,0.0,0,1,0
priya_001,2026-01-17 12:00:00,28.6304,77.2177,0.0,0,1,0
priya_001,2026-01-17 13:00:00,28.6304,77.2177,0.0,0,1,0
priya_001,2026-01-17 17:00:00,28.6304,77.2177,20.18234033597519,0,1,0
priya_001,2026-01-17 17:03:00,28.628566666666668,77.21673333333332,15.89749883617784,0,1,0
priya_001,2026-01-17 17:06:00,28.62673333333333,77.21576666666667,20.759375708803795,0,1,0
priya_001,2026-01-17 17:09:00,28.6249,77.2148,24.0231422312793,0,1,0
priya_001,2026-01-17 17:12:00,28.623066666666663,77.21383333333333,16.16370803442936,0,1,0
priya_001,2026-01-17 17:15:00,28.621233333333336,77.21286666666667,20.998202482489475,0,1,0
priya_001,2026-01-17 17:18:00,28.6194,77.2119,20.18098875217009,0,1,0
priya_001,2026-01-17 17:21:00,28.61756666666667,77.21093333333333,17.76158262859987,0,1,0
priya_001,2026-01-17 17:24:00,28.61573333333333,77.20996666666667,19.1901186239768,0,1,0
priya_001,2026-01-17 17:27:00,28.6139,77.209,17.681965835716323,0,1,0
priya_001,2026-01-18 07:51:00,28.6139,77.209,20.314032952813903,0,1,0
priya_001,2026-01-18 07:54:00,28.61573333333333,77.20996666666667,17.14281507685626,0,1,0
priya_001,2026-01-18 07:57:00,28.61756666666667,77.21093333333333,23.727681046130098,0,1,0
priya_001,2026-01-18 08:00:00,28.6194,77.2119,20.146617660735128,0,1,0
priya_001,2026-01-18 08:03:00,28.621233333333336,77.21286666666667,19.228919944201348,0,1,0
priya_001,2026-01-18 08:06:00,28.623066666666663,77.21383333333333,22.216437023146007,0,1,0
priya_001,2026-01-18 08:09:00,28.6249,77.2148,16.133364643039815,0,1,0
priya_001,2026-01-18 08:12:00,28.62673333333333,77.21576666666667,21.63789975111308,0,1,0
priya_001,2026-01-18 08:15:00,28.628566666666668,77.21673333333332,23.730037238444325,0,1,0
priya_001,2026-01-18 08:18:00,28.6304,77.2177,18.602214973903564,0,1,0
priya_001,2026-01-18 09:00:00,28.6304,77.2177,0.0,0,1,0
priya_001,2026-01-18 10:00:00,28.6304,77.2177,0.0,0,1,0
priya_001,2026-01-18 11:00:00,28.6304,77.2177,0.0,0,1,0
priya_001,2026-01-18 12:00:00,28.6304,77.2177,0.0,0,1,0
priya_001,2026-01-18 13:00:00,28.6304,77.2177,0.0,0,1,0
priya_001,2026-01-18 17:00:00,28.6304,77.2177,20.73166496347152,0,1,0
priya_001,2026-01-18 17:03:00,28.628566666666668,77.21673333333332,17.261021228943875,0,1,0
priya_001,2026-01-18 17:06:00,28.62673333333333,77.21576666666667,15.556675514990442,0,1,0
priya_001,2026-01-18 17:09:00,28.6249,77.2148,23.515632464457266,0,1,0
priya_001,2026-01-18 17:12:00,28.623066666666663,77.21383333333333,18.54476482660778,0,1,0
priya_001,2026-01-18 17:15:00,28.621233333333336,77.21286666666667,19.813137648380756,0,1,0
priya_001,2026-01-18 17:18:00,28.6194,77.2119,22.818345399675277,0,1,0
priya_001,2026-01-18 17:21:00,28.61756666666667,77.21093333333333,22.56858322685509,0,1,0
priya_001,2026-01-18 17:24:00,28.61573333333333,77.20996666666667,20.59653429179128,0,1,0
priya_001,2026-01-18 17:27:00,28.6139,77.209,21.434455832116303,0,1,0
priya_001,2026-01-19 07:49:00,28.6139,77.209,23.946026078970085,0,1,0
priya_001,2026-01-19 07:52:00,28.61573333333333,77.20996666666667,20.78088263699472,0,1,0
priya_001,2026-01-19 07:55:00,28.61756666666667,77.21093333333333,15.559043358623835,0,1,0
priya_001,2026-01-19 07:58:00,28.6194,77.2119,16.519394010714596,0,1,0
priya_001,2026-01-19 08:01:00,28.621233333333336,77.21286666666667,20.797581260813203,0,1,0
priya_001,2026-01-19 08:04:00,28.623066666666663,77.21383333333333,18.23583812785809,0,1,0
priya_001,2026-01-19 08:07:00,28.6249,77.2148,19.045660967174687,0,1,0
priya_001,2026-01-19 08:10:00,28.62673333333333,77.21576666666667,16.271885578671533,0,1,0
priya_001,2026-01-19 08:13:00,28.628566666666668,77.21673333333332,18.457854831095204,0,1,0
priya_001,2026-01-19 08:16:00,28.6304,77.2177,20.854754796040368,0,1,0
priya_001,2026-01-19 09:00:00,28.6304,77.2177,0.0,0,1,0
priya_001,2026-01-19 10:00:00,28.6304,77.2177,0.0,0,1,0
priya_001,2026-01-19 11:00:00,28.6304,77.2177,0.0,0,1,0
priya_001,2026-01-19 12:00:00,28.6304,77.2177,0.0,0,1,0
priya_001,2026-01-19 13:00:00,28.6304,77.2177,0.0,0,1,0
priya_001,2026-01-19 17:00:00,28.6304,77.2177,22.61397290795361,0,1,0
priya_001,2026-01-19 17:03:00,28.628566666666668,77.21673333333332,16.65642211539405,0,1,0
priya_001,2026-01-19 17:06:00,28.62673333333333,77.21576666666667,18.29382121595639,0,1,0
priya_001,2026-01-19 17:09:00,28.6249,77.2148,20.884688486465567,0,1,0
priya_001,2026-01-19 17:12:00,28.623066666666663,77.21383333333333,15.819081844125174,0,1,0
priya_001,2026-01-19 17:15:00,28.621233333333336,77.21286666666667,15.842877086284846,0,1,0
priya_001,2026-01-19 17:18:00,28.6194,77.2119,15.108580604991284,0,1,0
priya_001,2026-01-19 17:21:00,28.61756666666667,77.21093333333333,16.02288018719403,0,1,0
priya_001,2026-01-19 17:24:00,28.61573333333333,77.20996666666667,15.60336489186131,0,1,0
priya_001,2026-01-19 17:27:00,28.6139,77.209,15.292772887880352,0,1,0
priya_001,2026-01-20 08:00:00,28.6139,77.209,16.897805022360856,0,1,0
priya_001,2026-01-20 08:03:00,28.61573333333333,77.20996666666667,17.861517764622757,0,1,0
priya_001,2026-01-20 08:06:00,28.61756666666667,77.21093333333333,23.78737262908206,0,1,0
priya_001,2026-01-20 08:09:00,28.6194,77.2119,15.749581085715704,0,1,0
priya_001,2026-01-20 08:12:00,28.621233333333336,77.21286666666667,18.490633619615107,0,1,0
priya_001,2026-01-20 08:15:00,28.623066666666663,77.21383333333333,22.03868100300425,0,1,0
priya_001,2026-01-20 08:18:00,28.6249,77.2148,16.491894407519933,0,1,0
priya_001,2026-01-20 08:21:00,28.62673333333333,77.21576666666667,20.08202689697617,0,1,0
priya_001,2026-01-20 08:24:00,28.628566666666668,77.21673333333332,15.37712764345949,0,1,0
priya_001,2026-01-20 08:27:00,28.6304,77.2177,17.07038065024956,0,1,0
priya_001,2026-01-20 23:00:00,28.66974912591595,77.29589407970035,0.0,1,-1,1
priya_001,2026-01-20 23:10:00,28.66974912591595,77.29589407970035,0.0,1,-1,1
priya_001,2026-01-20 23:20:00,28.66974912591595,77.29589407970035,0.0,1,-1,1
priya_001,2026-01-20 23:30:00,28.66974912591595,77.29589407970035,0.0,1,-1,1
priya_001,2026-01-20 23:40:00,28.66974912591595,77.29589407970035,0.0,1,-1,1
priya_001,2026-01-20 23:50:00,28.66974912591595,77.29589407970035,0.0,1,-1,1
priya_001,2026-01-21 07:59:00,28.6139,77.209,24.823947789827727,0,1,0
priya_001,2026-01-21 08:02:00,28.61573333333333,77.20996666666667,15.227820813166316,0,1,0
priya_001,2026-01-21 08:05:00,28.61756666666667,77.21093333333333,18.070220375432648,0,1,0
priya_001,2026-01-21 08:08:00,28.6194,77.2119,22.661124123954664,0,1,0
priya_001,2026-01-21 08:11:00,28.621233333333336,77.21286666666667,20.590205960006703,0,1,0
priya_001,2026-01-21 08:14:00,28.623066666666663,77.21383333333333,19.56047361157018,0,1,0
priya_001,2026-01-21 08:17:00,28.6249,77.2148,16.236113443469893,0,1,0
priya_001,2026-01-21 08:20:00,28.62673333333333,77.21576666666667,23.295679539825432,0,1,0
priya_001,2026-01-21 08:23:00,28.628566666666668,77.21673333333332,21.48432952971098,0,1,0
priya_001,2026-01-21 08:26:00,28.6304,77.2177,20.3726878146788,0,1,0
priya_001,2026-01-21 09:00:00,28.6304,77.2177,0.0,0,1,0
priya_001,2026-01-21 10:00:00,28.6304,77.2177,0.0,0,1,0
priya_001,2026-01-21 11:00:00,28.6304,77.2177,0.0,0,1,0
priya_001,2026-01-21 12:00:00,28.6304,77.2177,0.0,0,1,0
priya_001,2026-01-21 13:00:00,28.6304,77.2177,0.0,0,1,0
priya_001,2026-01-21 17:00:00,28.6304,77.2177,23.60133159919826,0,1,0
priya_001,2026-01-21 17:03:00,28.628566666666668,77.21673333333332,21.755931738864472,0,1,0
priya_001,2026-01-21 17:06:00,28.62673333333333,77.21576666666667,15.376719590613735,0,1,0
priya_001,2026-01-21 17:09:00,28.6249,77.2148,24.761590393248117,0,1,0
priya_001,2026-01-21 17:12:00,28.623066666666663,77.21383333333333,18.163046812806662,0,1,0
priya_001,2026-01-21 17:15:00,28.621233333333336,77.21286666666667,18.44884198579745,0,1,0
priya_001,2026-01-21 17:18:00,28.6194,77.2119,15.081586817519844,0,1,0
priya_001,2026-01-21 17:21:00,28.61756666666667,77.21093333333333,18.732214975870374,0,1,0
priya_001,2026-01-21 17:24:00,28.61573333333333,77.20996666666667,16.089025272455878,0,1,0
priya_001,2026-01-21 17:27:00,28.6139,77.209,22.5297266078654,0,1,0
priya_001,2026-01-22 07:51:00,28.6139,77.209,20.536900536423744,0,1,0
priya_001,2026-01-22 07:54:00,28.61573333333333,77.20996666666667,23.22086713834998,0,1,0
priya_001,2026-01-22 07:57:00,28.61756666666667,77.21093333333333,24.15907986929259,0,1,0
priya_001,2026-01-22 08:00:00,28.6194,77.2119,18.072927333989284,0,1,0
priya_001,2026-01-22 08:03:00,28.621233333333336,77.21286666666667,22.57069359330419,0,1,0
priya_001,2026-01-22 08:06:00,28.623066666666663,77.21383333333333,22.85715035278248,0,1,0
priya_001,2026-01-22 08:09:00,28.6249,77.2148,20.831253730630117,0,1,0
priya_001,2026-01-22 08:12:00,28.62673333333333,77.21576666666667,22.99681916764625,0,1,0
priya_001,2026-01-22 08:15:00,28.628566666666668,77.21673333333332,21.29341523750296,0,1,0
priya_001,2026-01-22 08:18:00,28.6304,77.2177,19.78338966015116,0,1,0
priya_001,2026-01-22 09:00:00,28.6304,77.2177,0.0,0,1,0
priya_001,2026-01-22 10:00:00,28.6304,77.2177,0.0,0,1,0
priya_001,2026-01-22 11:00:00,28.6304,77.2177,0.0,0,1,0
priya_001,2026-01-22 12:00:00,28.6304,77.2177,0.0,0,1,0
priya_001,2026-01-22 13:00:00,28.6304,77.2177,0.0,0,1,0
priya_001,2026-01-22 17:00:00,28.6304,77.2177,19.572527402247992,0,1,0
priya_001,2026-01-22 17:03:00,28.628566666666668,77.21673333333332,19.497253453226385,0,1,0
priya_001,2026-01-22 17:06:00,28.62673333333333,77.21576666666667,16.749819052331784,0,1,0
priya_001,2026-01-22 17:09:00,28.6249,77.2148,24.01176632459738,0,1,0
priya_001,2026-01-22 17:12:00,28.623066666666663,77.21383333333333,17.532918777585625,0,1,0
priya_001,2026-01-22 17:15:00,28.621233333333336,77.21286666666667,19.45729676051956,0,1,0
priya_001,2026-01-22 17:18:00,28.6194,77.2119,21.96744434668231,0,1,0
priya_001,2026-01-22 17:21:00,28.61756666666667,77.21093333333333,21.87260844852885,0,1,0
priya_001,2026-01-22 17:24:00,28.61573333333333,77.20996666666667,15.381256073362668,0,1,0
priya_001,2026-01-22 17:27:00,28.6139,77.209,21.160621581847977,0,1,0
priya_001,2026-01-23 08:12:00,28.6139,77.209,15.16686576853126,0,1,0
priya_001,2026-01-23 08:15:00,28.61573333333333,77.20996666666667,18.891105559712425,0,1,0
priya_001,2026-01-23 08:18:00,28.61756666666667,77.21093333333333,21.08568287883687,0,1,0
priya_001,2026-01-23 08:21:00,28.6194,77.2119,23.90501246108791,0,1,0
priya_001,2026-01-23 08:24:00,28.621233333333336,77.21286666666667,18.821548867362925,0,1,0
priya_001,2026-01-23 08:27:00,28.623066666666663,77.21383333333333,17.36633506373504,0,1,0
priya_001,2026-01-23 08:30:00,28.6249,77.2148,19.278361711229596,0,1,0
priya_001,2026-01-23 08:33:00,28.62673333333333,77.21576666666667,21.5667387092785,0,1,0
priya_001,2026-01-23 08:36:00,28.628566666666668,77.21673333333332,22.477873842527003,0,1,0
priya_001,2026-01-23 08:39:00,28.6304,77.2177,18.24280301594638,0,1,0
priya_001,2026-01-23 09:00:00,28.6304,77.2177,0.0,0,1,0
priya_001,2026-01-23 10:00:00,28.6304,77.2177,0.0,0,1,0
priya_001,2026-01-23 11:00:00,28.6304,77.2177,0.0,0,1,0
priya_001,2026-01-23 12:00:00,28.6304,77.2177,0.0,0,1,0
priya_001,2026-01-23 13:00:00,28.6304,77.2177,0.0,0,1,0
priya_001,2026-01-23 17:00:00,28.6304,77.2177,20.39107356863625,0,1,0
priya_001,2026-01-23 17:03:00,28.628566666666668,77.21673333333332,23.697161765134837,0,1,0
priya_001,2026-01-23 17:06:00,28.62673333333333,77.21576666666667,22.854653478386066,0,1,0
priya_001,2026-01-23 17:09:00,28.6249,77.2148,24.84433758233708,0,1,0
priya_001,2026-01-23 17:12:00,28.623066666666663,77.21383333333333,16.960372803183247,0,1,0
priya_001,2026-01-23 17:15:00,28.621233333333336,77.21286666666667,16.16587070869404,0,1,0
priya_001,2026-01-23 17:18:00,28.6194,77.2119,16.39514781453938,0,1,0
priya_001,2026-01-23 17:21:00,28.61756666666667,77.21093333333333,18.209783669659068,0,1,0
priya_001,2026-01-23 17:24:00,28.61573333333333,77.20996666666667,15.522860799023135,0,1,0
priya_001,2026-01-23 17:27:00,28.6139,77.209,18.31150805734966,0,1,0
priya_001,2026-01-24 08:14:00,28.6139,77.209,16.33882902810094,0,1,0
priya_001,2026-01-24 08:17:00,28.61573333333333,77.20996666666667,20.087965399897406,0,1,0
priya_001,2026-01-24 08:20:00,28.61756666666667,77.21093333333333,18.86272177663434,0,1,0
priya_001,2026-01-24 08:23:00,28.6194,77.2119,23.15515841548901,0,1,0
priya_001,2026-01-24 08:26:00,28.621233333333336,77.21286666666667,19.405711254356177,0,1,0
priya_001,2026-01-24 08:29:00,28.623066666666663,77.21383333333333,20.94130098046625,0,1,0
priya_001,2026-01-24 08:32:00,28.6249,77.2148,23.65080606796712,0,1,0
priya_001,2026-01-24 08:35:00,28.62673333333333,77.21576666666667,21.52179813021637,0,1,0
priya_001,2026-01-24 08:38:00,28.628566666666668,77.21673333333332,23.76147583485248,0,1,0
priya_001,2026-01-24 08:41:00,28.6304,77.2177,19.165084382357897,0,1,0
priya_001,2026-01-24 09:00:00,28.6304,77.2177,0.0,0,1,0
priya_001,2026-01-24 10:00:00,28.6304,77.2177,0.0,0,1,0
priya_001,2026-01-24 11:00:00,28.6304,77.2177,0.0,0,1,0
priya_001,2026-01-24 12:00:00,28.6304,77.2177,0.0,0,1,0
priya_001,2026-01-24 13:00:00,28.6304,77.2177,0.0,0,1,0
priya_001,2026-01-24 17:00:00,28.6304,77.2177,21.539591921307316,0,1,0
priya_001,2026-01-24 17:03:00,28.628566666666668,77.21673333333332,23.82774404948581,0,1,0
priya_001,2026-01-24 17:06:00,28.62673333333333,77.21576666666667,20.69463934305098,0,1,0
priya_001,2026-01-24 17:09:00,28.6249,77.2148,16.898629648314913,0,1,0
priya_001,2026-01-24 17:12:00,28.623066666666663,77.21383333333333,17.24116287439663,0,1,0
priya_001,2026-01-24 17:15:00,28.621233333333336,77.21286666666667,15.239187360883676,0,1,0
priya_001,2026-01-24 17:18:00,28.6194,77.2119,19.05919217945228,0,1,0
priya_001,2026-01-24 17:21:00,28.61756666666667,77.21093333333333,20.219768887270902,0,1,0
priya_001,2026-01-24 17:24:00,28.61573333333333,77.20996666666667,20.57622572753236,0,1,0
priya_001,2026-01-24 17:27:00,28.6139,77.209,17.36601701403279,0,1,0
priya_001,2026-01-25 08:08:00,28.6139,77.209,17.685973259869968,0,1,0
priya_001,2026-01-25 08:11:00,28.61573333333333,77.20996666666667,23.149811697843237,0,1,0
priya_001,2026-01-25 08:14:00,28.61756666666667,77.21093333333333,16.64926926925117,0,1,0
priya_001,2026-01-25 08:17:00,28.6194,77.2119,17.747272566788773,0,1,0
priya_001,2026-01-25 08:20:00,28.621233333333336,77.21286666666667,22.462264650378444,0,1,0
priya_001,2026-01-25 08:23:00,28.623066666666663,77.21383333333333,18.75298285197092,0,1,0
priya_001,2026-01-25 08:26:00,28.6249,77.2148,19.84203867501468,0,1,0
priya_001,2026-01-25 08:29:00,28.62673333333333,77.21576666666667,24.22170178352348,0,1,0
priya_001,2026-01-25 08:32:00,28.628566666666668,77.21673333333332,20.862955739391097,0,1,0
priya_001,2026-01-25 08:35:00,28.6304,77.2177,21.08252703276208,0,1,0
priya_001,2026-01-25 09:00:00,28.6304,77.2177,0.0,0,1,0
priya_001,2026-01-25 10:00:00,28.6304,77.2177,0.0,0,1,0
priya_001,2026-01-25 11:00:00,28.6304,77.2177,0.0,0,1,0
priya_001,2026-01-25 12:00:00,28.6304,77.2177,0.0,0,1,0
priya_001,2026-01-25 13:00:00,28.6304,77.2177,0.0,0,1,0
priya_001,2026-01-25 17:00:00,28.6304,77.2177,20.18024615840055,0,1,0
priya_001,2026-01-25 17:03:00,28.628566666666668,77.21673333333332,17.504260313266478,0,1,0
priya_001,2026-01-25 17:06:00,28.62673333333333,77.21576666666667,15.358316083877565,0,1,0
priya_001,2026-01-25 17:09:00,28.6249,77.2148,19.203980821737744,0,1,0
priya_001,2026-01-25 17:12:00,28.623066666666663,77.21383333333333,22.322801452967475,0,1,0
priya_001,2026-01-25 17:15:00,28.621233333333336,77.21286666666667,15.832643642414334,0,1,0
priya_001,2026-01-25 17:18:00,28.6194,77.2119,20.06409535249372,0,1,0
priya_001,2026-01-25 17:21:00,28.61756666666667,77.21093333333333,24.79773040282842,0,1,0
priya_001,2026-01-25 17:24:00,28.61573333333333,77.20996666666667,16.10748857946887,0,1,0
priya_001,2026-01-25 17:27:00,28.6139,77.209,21.989380891907786,0,1,0
priya_001,2026-01-26 08:00:00,28.6139,77.209,15.972094711521546,0,1,0
priya_001,2026-01-26 08:03:00,28.61573333333333,77.20996666666667,24.315593288848035,0,1,0
priya_001,2026-01-26 08:06:00,28.61756666666667,77.21093333333333,17.098577613214246,0,1,0
priya_001,2026-01-26 08:09:00,28.6194,77.2119,16.386085430488215,0,1,0
priya_001,2026-01-26 08:12:00,28.621233333333336,77.21286666666667,17.964385017491725,0,1,0
priya_001,2026-01-26 08:15:00,28.623066666666663,77.21383333333333,24.39222873604788,0,1,0
priya_001,2026-01-26 08:18:00,28.6249,77.2148,24.67937140660476,0,1,0
priya_001,2026-01-26 08:21:00,28.62673333333333,77.21576666666667,24.47439126418525,0,1,0
priya_001,2026-01-26 08:24:00,28.628566666666668,77.21673333333332,15.952850684999913,0,1,0
priya_001,2026-01-26 08:27:00,28.6304,77.2177,18.655073619403147,0,1,0
priya_001,2026-01-26 23:00:00,28.668403389517373,77.26711683140212,0.0,1,-1,1
priya_001,2026-01-26 23:10:00,28.668403389517373,77.26711683140212,0.0,1,-1,1
priya_001,2026-01-26 23:20:00,28.668403389517373,77.26711683140212,0.0,1,-1,1
priya_001,2026-01-26 23:30:00,28.668403389517373,77.26711683140212,0.0,1,-1,1
priya_001,2026-01-26 23:40:00,28.668403389517373,77.26711683140212,0.0,1,-1,1
priya_001,2026-01-26 23:50:00,28.668403389517373,77.26711683140212,0.0,1,-1,1
priya_001,2026-01-27 08:14:00,28.6139,77.209,15.628925075780126,0,1,0
priya_001,2026-01-27 08:17:00,28.61573333333333,77.20996666666667,24.596047960516835,0,1,0
priya_001,2026-01-27 08:20:00,28.61756666666667,77.21093333333333,16.45212005706124,0,1,0
priya_001,2026-01-27 08:23:00,28.6194,77.2119,20.77787517723765,0,1,0
priya_001,2026-01-27 08:26:00,28.621233333333336,77.21286666666667,15.30963022800707,0,1,0
priya_001,2026-01-27 08:29:00,28.623066666666663,77.21383333333333,18.77656306239222,0,1,0
priya_001,2026-01-27 08:32:00,28.6249,77.2148,18.26109482768498,0,1,0
priya_001,2026-01-27 08:35:00,28.62673333333333,77.21576666666667,23.615381172200948,0,1,0
priya_001,2026-01-27 08:38:00,28.628566666666668,77.21673333333332,18.28042302134349,0,1,0
priya_001,2026-01-27 08:41:00,28.6304,77.2177,19.051127741067155,0,1,0
priya_001,2026-01-27 09:00:00,28.6304,77.2177,0.0,0,1,0
priya_001,2026-01-27 10:00:00,28.6304,77.2177,0.0,0,1,0
priya_001,2026-01-27 11:00:00,28.6304,77.2177,0.0,0,1,0
priya_001,2026-01-27 12:00:00,28.6304,77.2177,0.0,0,1,0
priya_001,2026-01-27 13:00:00,28.6304,77.2177,0.0,0,1,0
priya_001,2026-01-27 17:00:00,28.6304,77.2177,23.996151242820257,0,1,0
priya_001,2026-01-27 17:03:00,28.628566666666668,77.21673333333332,22.862305439051557,0,1,0
priya_001,2026-01-27 17:06:00,28.62673333333333,77.21576666666667,21.24086951021691,0,1,0
priya_001,2026-01-27 17:09:00,28.6249,77.2148,22.656494536105743,0,1,0
priya_001,2026-01-27 17:12:00,28.623066666666663,77.21383333333333,17.60502151954329,0,1,0
priya_001,2026-01-27 17:15:00,28.621233333333336,77.21286666666667,24.631910316795327,0,1,0
priya_001,2026-01-27 17:18:00,28.6194,77.2119,24.699725788490024,0,1,0
priya_001,2026-01-27 17:21:00,28.61756666666667,77.21093333333333,22.237686109027585,0,1,0
priya_001,2026-01-27 17:24:00,28.61573333333333,77.20996666666667,18.9577155895037,0,1,0
priya_001,2026-01-27 17:27:00,28.6139,77.209,21.5876055600391,0,1,0
priya_001,2026-01-28 08:03:00,28.6139,77.209,24.665970920903177,0,1,0
priya_001,2026-01-28 08:06:00,28.61573333333333,77.20996666666667,19.91434144384724,0,1,0
priya_001,2026-01-28 08:09:00,28.61756666666667,77.21093333333333,20.82338468258803,0,1,0
priya_001,2026-01-28 08:12:00,28.6194,77.2119,20.51162061222231,0,1,0
priya_001,2026-01-28 08:15:00,28.621233333333336,77.21286666666667,20.764549363575675,0,1,0
priya_001,2026-01-28 08:18:00,28.623066666666663,77.21383333333333,22.01450225788028,0,1,0
priya_001,2026-01-28 08:21:00,28.6249,77.2148,24.22822351603901,0,1,0
priya_001,2026-01-28 08:24:00,28.62673333333333,77.21576666666667,15.23977527565533,0,1,0
priya_001,2026-01-28 08:27:00,28.628566666666668,77.21673333333332,24.101803479070416,0,1,0
priya_001,2026-01-28 08:30:00,28.6304,77.2177,15.096385013788288,0,1,0
priya_001,2026-01-28 09:00:00,28.6304,77.2177,0.0,0,1,0
priya_001,2026-01-28 10:00:00,28.6304,77.2177,0.0,0,1,0
priya_001,2026-01-28 11:00:00,28.6304,77.2177,0.0,0,1,0
priya_001,2026-01-28 12:00:00,28.6304,77.2177,0.0,0,1,0
priya_001,2026-01-28 13:00:00,28.6304,77.2177,0.0,0,1,0
priya_001,2026-01-28 17:00:00,28.6304,77.2177,16.781090176765623,0,1,0
priya_001,2026-01-28 17:03:00,28.628566666666668,77.21673333333332,16.349556246133673,0,1,0
priya_001,2026-01-28 17:06:00,28.62673333333333,77.21576666666667,19.015848405026496,0,1,0
priya_001,2026-01-28 17:09:00,28.6249,77.2148,18.289445550109345,0,1,0
priya_001,2026-01-28 17:12:00,28.623066666666663,77.21383333333333,15.854026022206046,0,1,0
priya_001,2026-01-28 17:15:00,28.621233333333336,77.21286666666667,16.225554901098622,0,1,0
priya_001,2026-01-28 17:18:00,28.6194,77.2119,17.527780903578172,0,1,0
priya_001,2026-01-28 17:21:00,28.61756666666667,77.21093333333333,18.674281130801933,0,1,0
priya_001,2026-01-28 17:24:00,28.61573333333333,77.20996666666667,16.869623017925374,0,1,0
priya_001,2026-01-28 17:27:00,28.6139,77.209,20.997992081012256,0,1,0
priya_001,2026-01-29 08:13:00,28.6139,77.209,17.136875161430144,0,1,0
priya_001,2026-01-29 08:16:00,28.61573333333333,77.20996666666667,17.011686670024197,0,1,0
priya_001,2026-01-29 08:19:00,28.61756666666667,77.21093333333333,15.07516656403038,0,1,0
priya_001,2026-01-29 08:22:00,28.6194,77.2119,15.257360353211556,0,1,0
priya_001,2026-01-29 08:25:00,28.621233333333336,77.21286666666667,23.47273487031065,0,1,0
priya_001,2026-01-29 08:28:00,28.623066666666663,77.21383333333333,15.112241167471854,0,1,0
priya_001,2026-01-29 08:31:00,28.6249,77.2148,23.06557224280196,0,1,0
priya_001,2026-01-29 08:34:00,28.62673333333333,77.21576666666667,20.889055396291504,0,1,0
priya_001,2026-01-29 08:37:00,28.628566666666668,77.21673333333332,23.76802343653147,0,1,0
priya_001,2026-01-29 08:40:00,28.6304,77.2177,22.403289670401968,0,1,0
priya_001,2026-01-29 09:00:00,28.6304,77.2177,0.0,0,1,0
priya_001,2026-01-29 10:00:00,28.6304,77.2177,0.0,0,1,0
priya_001,2026-01-29 11:00:00,28.6304,77.2177,0.0,0,1,0
priya_001,2026-01-29 12:00:00,28.6304,77.2177,0.0,0,1,0
priya_001,2026-01-29 13:00:00,28.6304,77.2177,0.0,0,1,0
priya_001,2026-01-29 17:00:00,28.6304,77.2177,24.154966067459345,0,1,0
priya_001,2026-01-29 17:03:00,28.628566666666668,77.21673333333332,16.632140804339734,0,1,0
priya_001,2026-01-29 17:06:00,28.62673333333333,77.21576666666667,24.74839316846881,0,1,0
priya_001,2026-01-29 17:09:00,28.6249,77.2148,19.027162864134343,0,1,0
priya_001,2026-01-29 17:12:00,28.623066666666663,77.21383333333333,15.134213275883312,0,1,0
priya_001,2026-01-29 17:15:00,28.621233333333336,77.21286666666667,22.52204227420429,0,1,0
priya_001,2026-01-29 17:18:00,28.6194,77.2119,24.571004122688542,0,1,0
priya_001,2026-01-29 17:21:00,28.61756666666667,77.21093333333333,16.76347812204007,0,1,0
priya_001,2026-01-29 17:24:00,28.61573333333333,77.20996666666667,20.11884749925231,0,1,0
priya_001,2026-01-29 17:27:00,28.6139,77.209,17.829576470126344,0,1,0
priya_001,2026-01-30 08:02:00,28.6139,77.209,22.646196600338648,0,1,0
priya_001,2026-01-30 08:05:00,28.61573333333333,77.20996666666667,21.40234476464504,0,1,0
priya_001,2026-01-30 08:08:00,28.61756666666667,77.21093333333333,20.94997071777704,0,1,0
priya_001,2026-01-30 08:11:00,28.6194,77.2119,21.86540442719552,0,1,0
priya_001,2026-01-30 08:14:00,28.621233333333336,77.21286666666667,18.03846435042752,0,1,0
priya_001,2026-01-30 08:17:00,28.623066666666663,77.21383333333333,18.102750836680585,0,1,0
priya_001,2026-01-30 08:20:00,28.6249,77.2148,23.251039125762,0,1,0
priya_001,2026-01-30 08:23:00,28.62673333333333,77.21576666666667,17.628574769274813,0,1,0
priya_001,2026-01-30 08:26:00,28.628566666666668,77.21673333333332,23.48818490856897,0,1,0
priya_001,2026-01-30 08:29:00,28.6304,77.2177,19.84172496841028,0,1,0
priya_001,2026-01-30 09:00:00,28.6304,77.2177,0.0,0,1,0
priya_001,2026-01-30 10:00:00,28.6304,77.2177,0.0,0,1,0
priya_001,2026-01-30 11:00:00,28.6304,77.2177,0.0,0,1,0
priya_001,2026-01-30 12:00:00,28.6304,77.2177,0.0,0,1,0
priya_001,2026-01-30 13:00:00,28.6304,77.2177,0.0,0,1,0
priya_001,2026-01-30 17:00:00,28.6304,77.2177,21.92650255290933,0,1,0
priya_001,2026-01-30 17:03:00,28.628566666666668,77.21673333333332,22.78864701888887,0,1,0
priya_001,2026-01-30 17:06:00,28.62673333333333,77.21576666666667,22.91541048448237,0,1,0
priya_001,2026-01-30 17:09:00,28.6249,77.2148,17.627686131691824,0,1,0
priya_001,2026-01-30 17:12:00,28.623066666666663,77.21383333333333,17.351708094690014,0,1,0
priya_001,2026-01-30 17:15:00,28.621233333333336,77.21286666666667,15.247179796502056,0,1,0
priya_001,2026-01-30 17:18:00,28.6194,77.2119,15.128075740512552,0,1,0
priya_001,2026-01-30 17:21:00,28.61756666666667,77.21093333333333,18.195747169022752,0,1,0
priya_001,2026-01-30 17:24:00,28.61573333333333,77.20996666666667,17.391741280929253,0,1,0
priya_001,2026-01-30 17:27:00,28.6139,77.209,17.439251950726007,0,1,0
