pca_x,pca_y,tsne_x,tsne_y,is_anomaly
6.43568089491678,-0.00740212193683476,27.079205,16.054941,0
2.6717686271183556,-0.008544205156596263,-3.6517189,-17.014475,0
3.5167465697756217,-0.005880330136747602,6.9781346,-14.794626,0
6.769369078126262,-0.00122825529994941,31.87819,12.94799,0
8.885005490629128,0.002484912033708042,57.16942,-9.0467005,0
5.206491499583928,0.001413349538069042,13.12332,11.347915,0
2.7408709227139436,0.0013433777666023161,-2.7132502,-16.925608,0
8.895247566610495,0.008391681317277744,57.030247,-9.999209,0
1.8872710047479568,0.00457069435586277,-13.860843,-9.076841,0
8.04169211275538,0.011619034624402502,45.158913,-3.2397766,0
-15.839500925622042,-0.008101726614256677,-54.18719,-13.817711,0
-15.839500925622042,-0.008101726614256677,-54.18719,-13.817711,0
-15.839500925622042,-0.008101726614256677,-54.18719,-13.817711,0
-15.839500925622042,-0.008101726614256677,-54.18719,-13.817711,0
-15.839500925622042,-0.008101726614256677,-51.736515,-15.105399,0
4.892611630850835,0.009018567210347328,11.143912,6.386844,0
1.9453224276540961,0.004618632423643021,-13.186299,-9.983994,0
0.9177814196399847,0.001803999331670525,-17.710245,5.4784713,0
0.10739330438700811,-0.0008313118837293132,-19.388393,16.49571,0
6.60950965352272,0.0025719426612340612,29.812782,15.3273115,0
7.728420942161025,0.0015298203975362412,41.443203,0.58684015,0
4.697112338699034,-0.002939496456022539,11.571018,2.7976274,0
4.359960627649917,-0.005184015548039156,11.767488,-3.0379782,0
4.3717708350749565,-0.007140366680246757,11.771547,-2.7424865,0
8.207595658709854,-0.005938899059486857,47.4288,-5.424804,0
6.763050545882811,-0.007131784574994526,31.587196,12.7801695,0
4.478651279437072,-0.007052106277129155,10.824177,-0.91031694,0
7.525147841027698,-0.0025702474163438183,39.655624,3.299966,0
5.041603543650508,-0.002655020350047721,11.608409,9.203173,0
-0.28360779324473917,-0.005086402898939468,-18.24764,22.219849,0
7.0067340664743,0.00289996512617563,35.492485,10.276839,0
7.72962120095489,0.0054630192333604555,41.713856,0.783807,0
8.640782512804838,0.008181547570544012,53.741688,-8.828538,0
3.964842460401746,0.006286324331611581,10.391945,-9.58206,0
1.7022833643809765,0.006384037942282816,-14.813508,-5.4976363,0
-15.839500925622042,-0.008101726614256677,-54.18719,-13.817711,0
-15.839500925622042,-0.008101726614256677,-54.18719,-13.817711,0
-15.839500925622042,-0.008101726614256677,-54.18719,-13.817711,0
-15.839500925622042,-0.008101726614256677,-54.18719,-13.817711,0
-15.839500925622042,-0.008101726614256677,-54.18719,-13.817711,0
2.601683284869365,0.007126750044704977,-4.674656,-16.459568,0
4.539428502030587,0.006760809593700401,11.558657,0.06458779,0
-0.47555770045488543,0.0006533990217150176,-17.285322,24.827276,0
6.1959369231686825,0.0041965238196297605,23.328175,16.458866,0
4.1571545830269425,0.0005468215234429863,10.843462,-6.299615,0
1.0668520787788065,-0.003971211683165166,-17.744131,3.5426059,0
4.570555543045527,-0.003044005319807752,11.426191,0.7410503,0
6.463926816597292,-0.0034465891640422797,27.21562,15.418709,0
3.2134274139348786,-0.008096910769310739,3.4140582,-16.79838,0
1.7692848274396287,-0.011255567723395643,-14.205377,-6.4200387,0
2.888265359267651,-0.0103315289677397,-0.73949885,-17.278027,0
-0.0800940656720961,-0.010816655575581535,-18.2439,19.165201,0
7.285138560695943,-0.002768443783878638,37.580833,6.2607446,0
8.215924263679119,-3.370989398376878e-05,47.889828,-5.0313244,0
2.9938646404042277,-0.0023799111744011725,0.55204403,-17.131382,0
8.635014330790755,0.004244576606453165,53.83135,-8.207103,0
3.959722896961752,0.0023498889878368345,9.648613,-9.360109,0
6.027840418740363,0.006023815874115712,21.210682,17.242474,0
1.8101827554794792,0.004507035938303261,-14.527483,-7.6170664,0
8.397241035121633,0.011912642041565391,50.1386,-7.15726,0
-15.839500925622042,-0.008101726614256677,-54.18719,-13.817711,0
-15.839500925622042,-0.008101726614256677,-54.18719,-13.817711,0
-15.839500925622042,-0.008101726614256677,-54.18719,-13.817711,0
-15.839500925622042,-0.008101726614256677,-54.18719,-13.817711,0
-15.839500925622042,-0.008101726614256677,-54.18719,-13.817711,0
2.069822256968811,0.006687546512182507,-11.446918,-11.791342,0
0.2982073140353858,0.0032584673834747946,-19.463196,13.601046,0
3.735440838336368,0.00413078378329601,8.458378,-12.100919,0
7.07214736039578,0.004920086365245879,36.157707,9.47509,0
2.375956931030272,-0.0009240670354841996,-7.273039,-14.847091,0
1.9023376267504215,-0.003281279191796216,-13.5489435,-9.31425,0
3.241278937622214,-0.004141703684936715,3.8826368,-16.570845,0
0.36203085143069735,-0.008485451051669202,-19.50153,12.740516,0
3.5818065846899056,-0.00779270830923906,7.143575,-13.685047,0
8.367075168689277,-0.005807203070361311,49.705833,-6.5709743,0
5.6080760053000684,-0.00808554668877548,16.733974,15.113684,0
7.9950581007574275,-0.004148305816670472,45.02368,-2.3986344,0
2.4797005141948834,-0.006736708527171231,-5.8479915,-15.620575,0
0.2552104469458083,-0.00660755803535551,-19.42178,14.245092,0
5.565778497452518,-0.0002560600326404483,16.625305,14.422325,0
7.798576899861681,0.0035538580631993,42.80754,0.19352324,0
8.632460775305711,0.006208571754712011,53.649,-7.9577584,0
6.1310895987426814,0.006109077628991599,22.502,17.224094,0
0.3961387555239657,0.0033393378229220616,-19.200117,12.156629,0
7.058386128133298,0.010807034046536046,35.400433,9.120668,0
-15.839500925622042,-0.008101726614256677,-54.18719,-13.817711,0
-15.839500925622042,-0.008101726614256677,-54.18719,-13.817711,0
-15.839500925622042,-0.008101726614256677,-54.18719,-13.817711,0
-15.839500925622042,-0.008101726614256677,-54.18719,-13.817711,0
-15.839500925622042,-0.008101726614256677,-54.18719,-13.817711,0
2.2175242767620293,0.006809516811671301,-9.635045,-13.879754,0
1.5505053902864798,0.00429259793641279,-16.50011,-3.2785878,0
6.63225239312653,0.006522930981873287,30.17311,14.974444,0
1.2723021560582257,0.00013065384769106458,-17.744453,0.6775825,0
0.9150125994947356,-0.002130494800582028,-18.450205,5.437575,0
4.124315664498708,-0.001446400243764856,10.6376095,-6.9777555,0
4.375842540601338,-0.003204796643132113,11.175853,-2.6344278,0
5.641898815662367,-0.004125408597886349,17.364178,14.8414955,0
8.399607402759775,-0.0038142345589591287,50.393265,-6.835843,0
8.057197400211722,-0.006063095875859403,45.774273,-3.0486891,0
7.197427007106272,-0.006773082458835233,36.913773,7.4815307,0
5.3099092832895405,-0.006365664833637652,14.039337,12.453942,0
1.8911600381560287,-0.007222717169568682,-12.888981,-8.562657,0
8.889626135075696,0.00052262385912627,56.754696,-10.44225,0
4.223243239065338,-0.0013647072113087688,10.948301,-5.294275,0
0.44676151326422264,-0.0025171701168744676,-18.696016,11.557988,0
4.5332992077644665,0.002823540428082083,11.388541,-0.115975484,0
-0.1411120065781244,0.0009295796826194191,-18.91324,20.180405,0
8.622648739410275,0.01013267678881391,53.246624,-8.248439,0
1.484756321890968,0.0062044070980107335,-16.890856,-2.1389844,0
-15.839500925622042,-0.008101726614256677,-54.18719,-13.817711,0
-15.839500925622042,-0.008101726614256677,-54.18719,-13.817711,0
-15.839500925622042,-0.008101726614256677,-54.18719,-13.817711,0
-15.839500925622042,-0.008101726614256677,-54.18719,-13.817711,0
-15.839500925622042,-0.008101726614256677,-54.18719,-13.817711,0
5.966721779355472,0.009905552619699165,20.64545,16.189796,0
0.9622544608707866,0.003806828397642903,-18.579775,4.7200165,0
8.849057702313933,0.008353538361703272,56.672825,-8.873501,0
1.8403859283117772,0.0005997696250403806,-14.093295,-7.992896,0
4.73240073454957,0.001021851895231407,11.198843,3.430371,0
-0.141115141726889,-0.004968734424238619,-18.239996,20.061108,0
8.066905260321393,-0.00015676774040684904,45.58608,-3.6849597,0
5.050832705397207,-0.00461350287433504,12.78256,8.967678,0
7.281026970673624,-0.004737942917742544,38.07439,6.7419634,0
6.8751488729563786,-0.007039215316012815,33.6844,11.932412,0
4.64112158083134,-0.008884044372820199,11.269578,1.8839629,0
7.687167279703493,-0.0044025578282713695,41.748833,1.5415395,0
6.019536654321707,-0.003813560457004428,21.168713,16.682186,0
7.653533521733005,-0.0004981244450874556,41.12463,1.7308948,0
0.36411378432625874,-0.004551523315669215,-18.857439,12.730583,0
3.8376578747434795,0.00028298552955163814,9.521145,-11.0912695,0
2.2517760939350477,0.0009394899739874063,-8.992922,-14.307106,0
8.629221880889355,0.008172000959476122,53.235897,-8.667651,0
-0.17016993662139868,0.0028716878823473735,-18.345295,20.515625,0
6.559846924597958,0.010395347218945972,28.66742,15.532844,0
-15.839500925622042,-0.008101726614256677,-54.18719,-13.817711,0
-15.839500925622042,-0.008101726614256677,-54.18719,-13.817711,0
-15.839500925622042,-0.008101726614256677,-54.18719,-13.817711,0
-15.839500925622042,-0.008101726614256677,-54.18719,-13.817711,0
-15.839500925622042,-0.008101726614256677,-54.18719,-13.817711,0
7.109339706186832,0.01084911081152029,35.915195,8.40286,0
7.52423772520641,0.00922562405831684,40.205845,3.733534,0
7.261663017022601,0.007042689631077792,37.4447,6.6893578,0
4.401010178225826,0.0027142979642746923,10.768954,-2.1308987,0
4.41055443881425,0.0007560756442899219,11.191433,-1.9441128,0
5.630713322150639,-0.00020243774619643773,16.743046,15.657287,0
0.1788551610752851,-0.006670611181803565,-19.023466,15.359941,0
8.390162073414563,-0.0018559305429164397,50.373783,-6.3117747,0
3.86151693930997,-0.007561727339790991,9.910419,-10.891264,0
2.1762942756507204,-0.010919464910728038,-9.926861,-13.046118,0
1.9723406509376904,-0.011087887013019326,-11.990183,-9.802458,0
6.387324455044235,-0.005475950181491385,26.337559,16.406994,0
4.081454451926449,-0.00541400212308929,10.28274,-7.6505346,0
3.834108043465127,-0.0036521535509592695,9.027683,-10.893758,0
8.283650627703727,0.001988321446617647,48.559593,-5.914851,0
6.054879917487673,0.002113937042224734,21.658411,16.602127,0
6.0798632846196465,0.004100671803001887,21.915749,17.357077,0
4.1510637476437235,0.0044739994738449695,10.515598,-6.3755603,0
8.66944087029344,0.010171317087880993,54.264893,-8.64942,0
8.937010530855291,0.012358376278214678,57.857452,-9.2514305,0
-15.839500925622042,-0.008101726614256677,-54.18719,-13.817711,0
-15.839500925622042,-0.008101726614256677,-54.18719,-13.817711,0
-15.839500925622042,-0.008101726614256677,-54.18719,-13.817711,0
-15.839500925622042,-0.008101726614256677,-54.18719,-13.817711,0
-15.839500925622042,-0.008101726614256677,-54.18719,-13.817711,0
7.54516006790301,0.011209005280889528,40.43604,3.3647306,0
1.7470725380719312,0.00445492038750217,-14.765569,-6.2195363,0
8.456338206845365,0.008029235995749673,51.22716,-6.9433246,0
0.5725475666615285,-0.00044719388215241906,-18.712301,9.902359,0
4.942791074198015,0.0011955893483133195,11.228814,7.2866282,0
3.0686726759119,-0.0023181357260568802,1.7529039,-17.860226,0
6.796358277655779,-0.0012059679896339048,32.521107,12.914546,0
1.686964819847768,-0.007391338776528755,-14.900053,-5.055784,0
8.237900556473265,-0.003947769851819771,47.83644,-5.702848,0
0.09533044258970236,-0.01263789626514722,-18.440203,16.635866,0
1.4882674332188106,-0.01148762802819192,-16.128029,-1.904374,0
-0.694061599597589,-0.01132366153316866,-17.303394,27.144932,0
3.9993430290595082,-0.0054818086084225115,10.631205,-8.909062,0
6.384117645685004,-0.0015463906420052353,26.101793,15.827627,0
8.83197128240125,0.0024411171128946307,56.24012,-9.495596,0
6.754963259106374,0.002692056251135,31.979717,13.626541,0
8.45956498709486,0.006065796787268596,51.02467,-7.4736447,0
4.408501476559435,0.004686588014862991,10.5291,-1.9298859,0
6.545179323240651,0.008417131075873385,28.24423,15.084317,0
-0.26477443369467757,0.004759668627229985,-17.907915,21.687912,0
-15.839500925622042,-0.008101726614256677,-54.18719,-13.817711,0
-15.839500925622042,-0.008101726614256677,-54.18719,-13.817711,0
-15.839500925622042,-0.008101726614256677,-54.18719,-13.817711,0
-15.839500925622042,-0.008101726614256677,-54.18719,-13.817711,0
-15.839500925622042,-0.008101726614256677,-54.18719,-13.817711,0
3.575982229878994,0.007931312732964102,7.7017927,-14.312364,0
3.2167936503701657,0.005668595897617479,3.6996646,-17.339672,0
6.826770958274738,0.00668356174155349,33.01466,12.428543,0
3.436438596990266,0.0019177679994442087,5.956554,-15.242483,0
2.6165471845630197,-0.0007253909082720611,-4.248007,-16.210054,0
3.0318689759832456,-0.002348527716023341,1.0837395,-16.999031,0
2.0040780233538396,-0.005163367208837144,-12.25676,-10.950586,0
8.555508921704137,-0.0017193893863947096,52.661777,-7.639725,0
6.888940330976885,-0.0050617226800824255,33.922157,11.653249,0
0.005308217377717028,-0.012712235382409176,-18.219015,17.901613,0
8.133543102596834,-0.006000050643336863,46.273266,-4.5025115,0
7.644974326679014,-0.004437400189431173,40.51117,1.5974739,0
5.029993504097009,-0.0046307116005692706,12.71894,8.524555,0
8.20689496815318,-4.116616223370784e-05,47.963276,-4.663043,0
1.5634422279586584,-0.0035611343578949572,-15.96022,-3.3091748,0
5.4424701993780165,0.0016082175075382565,15.449399,13.700407,0
7.43352380472143,0.005218506070008289,38.886784,4.377234,0
0.9161561750708227,0.0018026572270315455,-17.963783,5.5039525,0
1.4472845449647291,0.004207359579922354,-16.775517,-1.6154231,0
1.7782442895097414,0.006446765431050494,-14.873848,-7.0663013,0
-15.839500925622042,-0.008101726614256677,-54.18719,-13.817711,0
-15.839500925622042,-0.008101726614256677,-54.18719,-13.817711,0
-15.839500925622042,-0.008101726614256677,-54.18719,-13.817711,0
-15.839500925622042,-0.008101726614256677,-54.18719,-13.817711,0
-15.839500925622042,-0.008101726614256677,-54.18719,-13.817711,0
7.083874597509764,0.010828082074496592,35.60282,8.772032,0
2.672211783651287,0.0052188876710914656,-3.5120363,-16.58677,0
1.8730247643090525,0.002592826166861073,-13.301713,-8.370158,0
0.09366729727148737,-0.0008426466319093606,-18.69315,16.684214,0
8.31507890233116,0.003980378323461764,48.934517,-6.5263247,0
3.4458328263267166,-0.0020066820535760144,5.8941035,-14.909331,0
3.9131000936721367,-0.0035869230007250508,10.232539,-10.253454,0
4.962704236706957,-0.004686278153471335,11.38441,7.7898126,0
3.3901844091365145,-0.007950947270160214,5.6742973,-15.986917,0
7.389096737889295,-0.006614804227453419,39.052494,5.4478354,0
2.021494432654107,-0.011047296495135583,-11.524346,-10.793454,0
6.2914119356104425,-0.005555153422818648,24.7759,16.41949,0
6.491653468303761,-0.003423692875841766,27.696432,15.51281,0
7.540095031721597,-0.0005918003922289472,39.81577,2.995085,0
5.786479494002821,-7.380818068725148e-05,18.431948,16.214703,0
3.9074451800517824,0.00034061492785042446,9.807133,-10.182879,0
0.870490752316174,-0.00020115649122942614,-18.452923,6.1440525,0
3.0293079736524486,0.0035476689613176404,1.128869,-17.65293,0
5.137163117919142,0.007254410630508801,13.232721,10.064849,0
4.347973437796364,0.008568812470315379,10.390381,-3.1717212,0
-15.839500925622042,-0.008101726614256677,-53.801414,-16.628506,0
-15.839500925622042,-0.008101726614256677,-53.801414,-16.628506,0
-15.839500925622042,-0.008101726614256677,-53.801414,-16.628506,0
-15.839500925622042,-0.008101726614256677,-53.801414,-16.628506,0
-15.839500925622042,-0.008101726614256677,-56.7695,-12.712744,0
1.8747463006882636,0.006526455466570269,-13.76173,-8.675815,0
0.03400349938853964,0.0030402915017901933,-19.352512,17.475271,0
3.625342157288175,0.004039865804529086,7.8239503,-13.463513,0
5.346593987539235,0.0034951480878362418,14.503562,12.934692,0
7.734156531549102,0.003500660607770101,42.21003,1.0854851,0
7.86092389368798,0.0016392395151854089,43.423534,-0.6462235,0
5.137459746192116,-0.002575863614424634,13.007664,10.180404,0
3.520110002027172,-0.005877552660592755,6.587878,-14.357501,0
4.454540359743335,-0.007072016743492782,11.112155,-1.2782283,0
3.6891357244445064,-0.00967018121892238,8.666026,-13.114431,0
9.01115588205491,-0.005275330062758599,58.19361,-10.691897,0
7.622603548849712,-0.004455873670522692,40.42884,2.1766853,0
7.6452761114424685,-0.0024710471404176815,40.64614,1.7073662,0
3.7901248659763436,-0.003688474254886387,9.3777,-11.712295,0
7.425095932086036,0.001279338769933247,39.35204,4.907466,0
1.2317223517148985,-0.0018689602367345515,-17.195814,1.4952065,0
-0.45227993006805534,-0.0012934823544696883,-17.917645,24.376854,0
1.523918712832062,0.0023045391839957574,-16.782288,-2.7606673,0
6.594341179794823,0.008457728261845432,29.130974,15.064676,0
1.388623891798927,0.006125022257464252,-17.166655,-0.73011905,0
-15.839580695286438,0.08685088287658971,-55.519,-0.60735613,1
-15.839580695286438,0.08685088287658971,-55.519,-0.60735613,1
-15.839580695286438,0.08685088287658971,-55.519,-0.60735613,1
-15.839580695286438,0.08685088287658971,-55.519,-0.60735613,1
-15.839580695286438,0.08685088287658971,-55.519,-0.60735613,1
-15.839580695286438,0.08685088287658971,-55.519,-0.60735613,1
2.5303054862683094,-0.010627127314819518,-5.606695,-16.663376,0
7.587417444632694,-0.004484929872162979,40.538517,2.751023,0
4.769975792173492,-0.00484543065611831,11.442686,4.291671,0
5.958105013873785,-0.0018981860227142988,20.387678,16.980486,0
8.907311237453646,0.0025033318131022497,57.315075,-9.711443,0
3.8892062291593437,0.000325553452697136,9.283657,-10.230681,0
3.77672017319828,0.002198767851822936,8.7070265,-11.555004,0
2.102402661782131,0.002782243284428887,-10.990839,-12.333079,0
7.373203407839034,0.009100901993264188,38.299126,5.195309,0
2.82554783607784,0.007311614316648729,-1.5627575,-17.06512,0
-15.839500925622042,-0.008101726614256677,-53.801414,-16.628506,0
-15.839500925622042,-0.008101726614256677,-53.801414,-16.628506,0
-15.839500925622042,-0.008101726614256677,-53.801414,-16.628506,0
-15.839500925622042,-0.008101726614256677,-56.7695,-12.712744,0
-15.839500925622042,-0.008101726614256677,-56.7695,-12.712744,0
2.0737543495304127,0.006690793580219179,-11.038342,-11.536141,0
3.4820103084955196,0.005887608171533998,6.664291,-15.104623,0
1.6401713388954402,0.0024005390060466425,-15.452253,-4.3235226,0
4.359643487215857,0.0026801379189578256,10.932525,-2.9506207,0
6.98154170984529,0.0028791616240511075,34.72449,10.217932,0
3.994724505539528,-0.001553414843087353,9.756522,-8.78826,0
8.800969561717336,0.00044941247841734366,55.7256,-9.525874,0
8.175468172059338,-0.002033221818152242,47.309433,-4.5600376,0
4.401134423061825,-0.0071161186325525705,11.786365,-2.1737766,0
2.5105601153662906,-0.010643432770933714,-5.725504,-16.294971,0
3.190869555941161,-0.010081642577944194,3.1286342,-17.566221,0
8.136381375637862,-0.00403160299713079,46.871727,-3.896244,0
6.975457584482038,-0.003024174081019737,34.410652,10.089824,0
6.604871416925986,-0.0013640952094391423,29.129389,14.484189,0
5.95967488202634,6.921419216610047e-05,20.40251,17.03739,0
6.570421758990486,0.0025396644147406278,28.521921,14.757622,0
4.226648470876983,0.002570312460946411,11.262003,-5.2082043,0
3.7624530429786756,0.004153090090923683,9.190204,-12.095193,0
-0.6114189133898371,0.0025073105372257487,-17.39407,26.480618,0
4.7292863210360405,0.00888369541253553,11.687786,3.3531613,0
-15.839500925622042,-0.008101726614256677,-56.7695,-12.712744,0
-15.839500925622042,-0.008101726614256677,-56.7695,-12.712744,0
-15.839500925622042,-0.008101726614256677,-56.7695,-12.712744,0
-15.839500925622042,-0.008101726614256677,-56.7695,-12.712744,0
-15.839500925622042,-0.008101726614256677,-53.801414,-16.628506,0
8.286084903362505,0.011820850834524776,48.963913,-5.410812,0
2.200160227177248,0.004829073978683596,-9.872212,-13.588408,0
4.843488208526287,0.005045794084225008,11.286744,5.420749,0
7.647312154683254,0.005395049553342801,41.356243,2.142814,0
9.12395412764778,0.004648336375836948,59.112843,-10.497157,0
4.990314070274559,-0.0007312706534605695,11.938834,8.096003,0
5.4838813353747025,-0.0022897934236567608,15.861915,14.018643,0
0.6874541936022265,-0.00821672092490644,-18.491201,8.336517,0
8.6339799371204,-0.003620692938838488,53.870266,-7.9305754,0
9.113937066473303,-0.005190454772204589,59.198902,-9.9857025,0
-0.594506608477003,-0.013207554228046092,-18.281538,26.364603,0
3.692168908055871,-0.0077015726182594335,8.395832,-12.864381,0
1.9784777383235035,-0.007150611411944396,-12.662844,-10.473672,0
-0.0901941586039019,-0.006892788415001405,-18.54333,19.380411,0
2.6091033239315333,-0.002697641785431415,-4.714347,-17.068295,0
1.3113576877128477,-0.0018031984699433679,-17.085768,0.1943973,0
8.951398247068033,0.006471945938770318,57.840923,-9.817997,0
1.9756630230269483,0.0026775834313212954,-12.321914,-10.13185,0
6.893185854661551,0.008704510090169038,33.580353,11.198694,0
7.119575326541112,0.010857563246247537,36.31863,8.507298,0
-15.839500925622042,-0.008101726614256677,-53.801414,-16.628506,0
-15.839500925622042,-0.008101726614256677,-56.7695,-12.712744,0
-15.839500925622042,-0.008101726614256677,-56.7695,-12.712744,0
-15.839500925622042,-0.008101726614256677,-56.7695,-12.712744,0
-15.839500925622042,-0.008101726614256677,-54.18719,-13.817711,0
4.958160770471261,0.009072696789630186,12.439364,7.3881807,0
0.8982525268559289,0.0037539764795013753,-18.890034,5.776898,0
8.53999810552772,0.008098321191141622,52.283474,-7.758903,0
7.8167611311327665,0.005534978190965489,42.882965,-0.21002695,0
2.1058105716264652,-0.001147150189027002,-10.528253,-12.031435,0
7.954130282388855,0.0017162080709169913,44.194687,-2.2742178,0
7.4946846043391435,-0.0006292996995256317,39.517242,3.8296466,0
6.061989209499808,-0.003778503719971127,21.792482,16.181845,0
8.99018466730824,-0.0033265439645902006,58.388138,-9.364473,0
-0.0048562539399163995,-0.012720629063224465,-19.399967,18.294888,0
0.37810269453831147,-0.01240438682293643,-18.482632,12.516599,0
1.2202631162135642,-0.009742838473243864,-17.856007,1.544552,0
5.820116283441459,-0.003978239060543842,18.900087,16.45281,0
6.739622640235146,-0.0012528194998395747,31.197016,13.160015,0
8.877764873968852,0.0024789328319059223,56.877354,-9.60698,0
5.554221739864905,0.0017005003949321917,15.979677,15.010635,0
0.7774326445277868,-0.00027800259863397514,-18.33507,7.24313,0
7.310495364404366,0.007083014712904401,38.169785,6.0894504,0
1.062255348987021,0.0038894077576827613,-17.604025,3.7259927,0
8.284035497401186,0.011819158463225676,48.385715,-6.212789,0
-15.839500925622042,-0.008101726614256677,-56.7695,-12.712744,0
-15.839500925622042,-0.008101726614256677,-54.18719,-13.817711,0
-15.839500925622042,-0.008101726614256677,-51.736515,-15.105399,0
-15.839500925622042,-0.008101726614256677,-56.7695,-12.712744,0
-15.839500925622042,-0.008101726614256677,-54.18719,-13.817711,0
2.5335809396590587,0.007070512063322099,-5.2727065,-15.951152,0
-0.2563829986186512,0.002800494319757263,-18.505806,21.617956,0
1.851046758224589,0.002574677031276451,-14.267543,-8.373086,0
5.954940235787015,0.003997512064913167,20.460447,16.228508,0
6.867060801349838,0.0027846248620306824,33.15864,11.597329,0
-0.04996407487864296,-0.004893463125057451,-19.077618,18.89081,0
5.830310856468609,-0.002003716682835943,19.183987,16.059477,0
2.244429417582987,-0.006930992167667682,-9.216392,-14.2675295,0
3.083153988780131,-0.008204488774694596,1.8572223,-17.3219,0
4.589412843769688,-0.008926744737749459,11.140425,1.1036328,0
0.8905395150936375,-0.011981223534078822,-17.940983,6.0108166,0
9.027862611817477,-0.0032954300354646193,58.663136,-9.730248,0
6.6063929363746166,-0.003328942598884055,29.07806,14.283989,0
6.605120343310796,-0.0013638896494541086,29.46921,14.965344,0
3.5774892842209898,-0.0018979619587469188,7.114664,-13.780855,0
5.188302993385628,0.0013983297194357647,13.476285,10.846919,0
1.224450683062864,9.113875846367137e-05,-17.938444,1.3927491,0
6.59983825423612,0.006496163831130275,29.528294,15.524388,0
-0.25762661664750475,0.0027994673570646,-18.763248,21.70124,0
5.528566961383403,0.009543730388415383,15.824438,14.693186,0
-15.839500925622042,-0.008101726614256677,-54.18719,-13.817711,0
-15.839500925622042,-0.008101726614256677,-56.7695,-12.712744,0
-15.839500925622042,-0.008101726614256677,-56.7695,-12.712744,0
-15.839500925622042,-0.008101726614256677,-54.18719,-13.817711,0
-15.839500925622042,-0.008101726614256677,-54.18719,-13.817711,0
6.3938913017575185,0.01025830334475586,26.379242,15.689354,0
7.117434185711568,0.008889691282234935,36.623604,8.843405,0
1.9503177546996309,0.0026566536568282118,-12.439939,-9.552398,0
6.933271441192618,0.004805404538416269,34.133442,10.798181,0
8.068219482403473,0.003776525204727932,45.50715,-3.828802,0
-0.5734262602981133,-0.005325731008809953,-17.685736,25.952263,0
0.7268485925871371,-0.0062180857319305005,-18.762522,7.773209,0
4.410965725742402,-0.0051418962385128,11.678322,-1.9240239,0
3.1109078067097524,-0.008181570052997245,2.2716374,-17.696947,0
1.019298404608504,-0.011874896211423902,-17.775234,4.342416,0
7.935642318860891,-0.006163474392664625,43.774113,-2.1147919,0
9.127775969593506,-0.003212922956763009,58.8703,-10.923067,0
-0.512434649546508,-0.009207572652897511,-17.21016,25.241562,0
0.009180323414863523,-0.006810726332517447,-19.396404,17.91827,0
1.978324575729685,-0.003218530212890869,-12.827763,-10.5847225,0
0.1900123752526035,-0.002729190028972539,-18.666943,15.140094,0
8.165860729142514,0.0058232598446466,46.67815,-4.998825,0
-0.8140621699465402,0.0003738666796664347,-16.870583,28.15788,0
1.4163658003502615,0.004181827305245633,-17.18141,-1.2625098,0
6.6826918714104036,0.010496790888936403,30.842455,14.481941,0
-15.839500925622042,-0.008101726614256677,-54.18719,-13.817711,0
-15.839500925622042,-0.008101726614256677,-54.18719,-13.817711,0
-15.839500925622042,-0.008101726614256677,-54.18719,-13.817711,0
-15.839500925622042,-0.008101726614256677,-54.18719,-13.817711,0
-15.839500925622042,-0.008101726614256677,-54.18719,-13.817711,0
4.342832428827817,0.008564567095717734,11.123223,-3.3886647,0
0.05799410015278994,0.003060102610419335,-18.99171,17.182579,0
4.9198709798455145,0.005108869927781257,11.870707,6.7123823,0
8.183638062210095,0.005837940122148666,47.02881,-5.2138176,0
0.32420827301446487,-0.0026183728995761157,-19.387434,13.230478,0
5.158702737613547,-0.0005922176045345395,12.771341,10.726903,0
4.341490978886069,-0.0032331636910356565,11.661281,-3.461694,0
1.9220873811421324,-0.007197177794466825,-13.051671,-9.423367,0
3.3506245712556417,-0.007983615240988229,5.110319,-16.323269,0
1.8424739935984267,-0.011195129115122882,-13.59679,-7.7429533,0
4.4745402002048085,-0.009021604989200682,11.570128,-0.9914364,0
1.303321732343429,-0.009674249808725222,-17.56472,0.20434049,0
7.888183734864766,-0.0022704573609644285,43.760654,-0.9811111,0
4.307119899340842,-0.0032615468564785033,11.383724,-3.955285,0
3.3894208113600346,-0.0020532663208001622,5.34197,-15.515818,0
6.3769351679560575,0.0023798858451158367,25.946037,16.213388,0
0.2938632032220827,-0.0006773276021618813,-18.777687,13.634686,0
5.7983947182535776,0.005834342765751899,18.788988,15.7207,0
7.890529792968122,0.009528103017402145,43.270546,-1.4525924,0
2.762707613357085,0.007259721723755774,-2.5072927,-17.386423,0
-15.839500925622042,-0.008101726614256677,-54.18719,-13.817711,0
-15.839500925622042,-0.008101726614256677,-54.18719,-13.817711,0
-15.839500925622042,-0.008101726614256677,-54.18719,-13.817711,0
-15.839500925622042,-0.008101726614256677,-54.18719,-13.817711,0
-15.839500925622042,-0.008101726614256677,-56.7695,-12.712744,0
4.892156866300406,0.009018191672026887,11.631875,6.2681856,0
1.42151602124577,0.004186080286928018,-16.412138,-1.1200001,0
-0.28282741423685565,0.0008125530452218754,-18.62775,22.242708,0
7.6761284709471,0.005418845671570693,41.040306,1.1829115,0
2.7052642415318022,-0.0006521295810131278,-3.2623885,-17.32929,0
3.9736383134454076,-0.0015708275309407327,10.468696,-9.435854,0
6.978846714070295,-0.0010552715450415917,35.11018,10.645581,0
6.729086316547756,-0.003227624090541781,31.514458,13.966898,0
4.757039752559317,-0.00682221689928042,11.063073,4.0524526,0
5.594962691927739,-0.00809637548286446,16.346233,15.390974,0
8.106532069972898,-0.006022355983120065,46.333958,-3.8467262,0
4.941388033992519,-0.006669984620216951,11.039021,7.318345,0
-0.2804511269260459,-0.009016003845857767,-17.854713,22.065666,0
0.6798975040585287,-0.00625685729603731,-18.99765,8.421834,0
4.95808158533667,-0.0007578877968654751,12.04501,7.509591,0
2.3963376496468083,-0.000907236917953469,-6.90846,-14.970287,0
3.206158519928172,0.0017276058743647127,3.044717,-16.425014,0
0.43238240203699085,0.0014031634891580325,-19.341213,11.655532,0
2.6183492093854444,0.005174408696987598,-4.263309,-16.442905,0
5.015246656289714,0.009119837530150221,11.459709,8.657094,0
-15.839500925622042,-0.008101726614256677,-53.801414,-16.628506,0
-15.839500925622042,-0.008101726614256677,-53.801414,-16.628506,0
-15.839500925622042,-0.008101726614256677,-53.801414,-16.628506,0
-15.839500925622042,-0.008101726614256677,-53.801414,-16.628506,0
-15.839500925622042,-0.008101726614256677,-53.801414,-16.628506,0
6.774464159649854,0.010572575184212951,32.345184,13.37554,0
0.8169171168403739,0.0036868108149406,-18.936836,6.606697,0
2.454317339888851,0.003072849592584248,-6.395551,-15.821437,0
5.045185403058083,0.0032462490181615067,11.836867,9.228821,0
-0.020417798075770932,-0.0029029603761614453,-18.299368,18.439617,0
0.003379124751893059,-0.00484941304338804,-18.741085,17.96639,0
-0.7309154136327027,-0.007421887228062474,-16.685808,27.43263,0
0.18338554119256045,-0.008632973895430496,-19.346338,15.277789,0
-0.23612792012108486,-0.010945506189699472,-18.010807,21.231546,0
-0.5467181277619826,-0.013168091156970263,-17.505604,25.622063,0
1.0583134515018155,-0.011842678121524841,-18.514671,3.5808458,0
2.0220241714945093,-0.009080755204777802,-11.945531,-11.162459,0
7.947875297168066,-0.0022211648885956947,44.53801,-1.7742928,0
-0.0899151546447623,-0.006892558017369765,-19.07264,19.451738,0
2.6511347421636327,-0.0026629328174863076,-4.0207844,-17.264118,0
6.199179209304107,0.0022330974156830052,23.434456,16.790894,0
0.6523928436786921,-0.0003812587489449015,-18.667696,8.894912,0
4.242522402328076,0.004549524774830616,10.557406,-4.7283816,0
-0.46237691255746327,0.0026303873746513773,-17.880241,24.684559,0
1.230873819599017,0.005994754414302861,-17.167938,1.5248291,0
-15.839567483004965,0.0755915427665883,-56.930397,-0.56145734,1
-15.839567483004965,0.0755915427665883,-56.930397,-0.56145734,1
-15.839567483004965,0.0755915427665883,-56.930397,-0.56145734,1
-15.839567483004965,0.0755915427665883,-56.930397,-0.56145734,1
-15.839567483004965,0.0755915427665883,-56.930397,-0.56145734,1
-15.839567483004965,0.0755915427665883,-56.930397,-0.56145734,1
8.984453477137682,-0.005297380542018004,57.782238,-10.831275,0
-0.6116718689069369,-0.011255625225061294,-17.82042,26.565582,0
2.230725021210171,-0.006942309069984276,-9.0032625,-13.539903,0
6.821625492736052,-0.001185102670419269,32.5519,12.102625,0
4.750706356265946,-0.000929135413045401,11.684443,3.8434093,0
3.7209726751376966,0.00018662849421957617,8.230966,-12.260785,0
0.3966119681090401,-0.0005924790832239069,-18.5727,12.168299,0
7.456173933502628,0.007203314074587297,39.56954,4.4593873,0
5.6448228610755695,0.007673629074460564,17.263353,15.106184,0
4.533179841685955,0.00872175337511294,10.858022,-0.083320886,0
-15.839500925622042,-0.008101726614256677,-53.801414,-16.628506,0
-15.839500925622042,-0.008101726614256677,-51.694447,-12.540854,0
-15.839500925622042,-0.008101726614256677,-57.715946,-16.571945,0
-15.839500925622042,-0.008101726614256677,-57.715946,-16.571945,0
-15.839500925622042,-0.008101726614256677,-57.715946,-16.571945,0
7.761822509344933,0.011387922149495466,42.338013,0.5717345,0
5.916424976275751,0.00789791437115639,19.902748,16.542688,0
-0.46278327636276195,0.0006639479657053471,-18.315619,24.7767,0
8.922085968733091,0.0064477402618763335,57.18825,-10.573537,0
2.323546359775529,-0.0009673469654529754,-8.189543,-14.775681,0
2.6093431228026436,-0.002697443762812668,-4.70805,-17.072027,0
-0.7579091917663856,-0.007444178319332195,-17.912807,27.857521,0
2.892719392649079,-0.006395643209543778,-0.6858003,-17.770374,0
0.24953229247263842,-0.01054445465595677,-19.021154,14.343725,0
6.690233088798047,-0.007191916231022333,30.466627,13.67002,0
4.697407706719739,-0.008837564063071568,10.974007,2.8324513,0
7.3813716913022756,-0.004655079625536018,38.779152,5.4214945,0
8.319582408796704,-0.0019142142606511925,49.249916,-6.101618,0
2.2334302899311087,-0.004973971256916343,-8.890079,-13.539733,0
6.7311933044682295,0.0007063235097604093,31.291914,13.579257,0
7.017648275955382,0.002908977930474066,35.166336,9.704346,0
4.991750665706919,0.0032021233459005316,12.503006,7.9580746,0
7.157313664705969,0.006956519369012426,36.758163,8.100211,0
5.453908634909096,0.00751597472842036,15.234999,14.168013,0
3.943881891009797,0.008235119220572074,9.561131,-9.586053,0
-15.839500925622042,-0.008101726614256677,-57.715946,-16.571945,0
-15.839500925622042,-0.008101726614256677,-57.715946,-16.571945,0
-15.839500925622042,-0.008101726614256677,-57.715946,-16.571945,0
-15.839500925622042,-0.008101726614256677,-57.715946,-16.571945,0
-15.839500925622042,-0.008101726614256677,-57.715946,-16.571945,0
3.7330197060486245,0.008060992124114819,9.0303135,-12.542838,0
3.657747471965271,0.006032729507651879,7.773678,-12.933778,0
0.9103157103693089,0.0017978342514908263,-19.022486,5.476028,0
8.172262159463356,0.0058285460578844095,47.46531,-4.220848,0
1.6934185425299493,-0.0014876978630695703,-15.461715,-5.5945435,0
3.6177975486775704,-0.0018646759475444696,8.118362,-13.816374,0
6.127945955423131,-0.0017579337056901068,22.432714,16.421547,0
6.033111778974844,-0.0038023503055057972,21.291296,17.306131,0
-0.45823666178729283,-0.011128920538226339,-17.411655,24.486513,0
5.321128536384839,-0.008322503967804096,14.393658,12.435482,0
-0.6726252035569722,-0.013272063491015729,-16.673502,26.795195,0
3.0516116104266064,-0.008230536037544312,1.3889488,-16.95215,0
5.246186481498112,-0.004452182408925864,13.483417,11.819242,0
8.065513399580352,-0.00015791711989265877,46.015076,-3.1755328,0
2.982049875440426,-0.002389667645061877,0.46320415,-17.727049,0
1.5268348863044157,-0.001625260358608216,-16.501793,-2.7448795,0
3.438859183486665,0.001919766886530283,6.2711654,-15.594145,0
5.727233701035205,0.005775578975018902,18.09043,15.385763,0
6.638366830202278,0.008494084039327277,29.981611,14.476246,0
2.403295779728575,0.0069629243675279895,-7.314997,-15.766546,0
-15.839500925622042,-0.008101726614256677,-57.715946,-16.571945,0
-15.839500925622042,-0.008101726614256677,-57.715946,-16.571945,0
-15.839500925622042,-0.008101726614256677,-57.715946,-16.571945,0
-15.839500925622042,-0.008101726614256677,-57.715946,-16.571945,0
-15.839500925622042,-0.008101726614256677,-57.715946,-16.571945,0
4.551565589283362,0.008736936072978096,10.910074,0.37588882,0
7.857654331031005,0.009500954912425641,42.93557,-1.0061822,0
7.015148024624091,0.0068391209358651395,34.864166,9.504639,0
9.004833129197936,0.006516071730573003,58.32984,-10.15104,0
1.1208727661840978,-0.001960498302111091,-17.943064,2.7808511,0
0.3263726354303298,-0.004582689438109355,-18.56966,13.212698,0
0.5556513508628687,-0.006359458063016632,-19.207928,10.1463785,0
2.370288267158509,-0.006827059658164103,-7.760686,-15.453674,0
-0.3166319851110835,-0.011011985340957153,-18.119392,22.754784,0
2.4720159974589517,-0.010675261974157024,-6.362028,-16.37613,0
0.4993376506042626,-0.012304272661197047,-18.721004,10.974297,0
4.248471036590859,-0.007242185960492975,11.316341,-4.6952257,0
3.0232261482678116,-0.006287872523074611,1.0607032,-17.935366,0
7.315659613372825,-0.0007771360784261105,37.865273,5.773411,0
3.566212060358774,-0.0019072745353412301,7.460918,-14.360832,0
5.101799566374529,0.0013268963774066833,12.545228,9.795563,0
7.8113020276973675,0.005530470138324972,42.39945,-0.4757029,0
5.682293137519034,0.0057384676748597485,17.265518,15.911205,0
7.921968378500962,0.009554064569570642,43.777393,-1.700058,0
3.3255768271022337,0.007724531390294942,4.62065,-16.225647,0
-15.839500925622042,-0.008101726614256677,-57.715946,-16.571945,0
-15.839500925622042,-0.008101726614256677,-57.715946,-16.571945,0
-15.839500925622042,-0.008101726614256677,-57.715946,-16.571945,0
-15.839500925622042,-0.008101726614256677,-57.715946,-16.571945,0
-15.839500925622042,-0.008101726614256677,-57.715946,-16.571945,0
5.7000835446561045,0.009685366427348185,17.656687,15.604316,0
7.988236570210626,0.009608787932194218,44.592762,-2.6823924,0
4.855134636486463,0.00505541154448963,11.708254,5.615585,0
1.059127943774806,-4.5382489176404306e-05,-18.292269,3.588914,0
1.4016627402658788,-0.001728625797753125,-16.59889,-0.7522697,0
-0.6003103918194252,-0.005347931555405694,-17.143372,26.250723,0
3.2196947942229155,-0.004159527574131516,3.766979,-17.153234,0
4.380272789471261,-0.005167242043768283,10.42945,-2.5349038,0
4.7367311953255875,-0.006838987426931453,10.915627,3.5449748,0
1.5265252812086931,-0.01145603522273575,-15.8079815,-2.4890616,0
1.8464814163658136,-0.011191819840433936,-13.368495,-7.7426996,0
7.310316275375213,-0.0047137562121690735,38.44865,6.3073015,0
0.809774406567632,-0.008115710572923263,-18.161116,6.7968473,0
1.9077756353819044,-0.0052428923982574815,-12.750346,-8.910322,0
6.622764399050494,0.0006167844087769936,29.559196,14.215988,0
2.9134821948676457,-0.0004801860547161141,-0.32766515,-17.163101,0
4.002535952283209,0.002385243420945926,9.925596,-8.63702,0
8.382195856868757,0.007968010261379277,49.746468,-7.018242,0
5.0234492857028545,0.007160507309563968,12.121636,8.597011,0
5.243018814219889,0.009307928650059694,13.802382,11.537293,0
-15.839500925622042,-0.008101726614256677,-57.715946,-16.571945,0
-15.839500925622042,-0.008101726614256677,-57.715946,-16.571945,0
-15.839500925622042,-0.008101726614256677,-57.715946,-16.571945,0
-15.839500925622042,-0.008101726614256677,-57.715946,-16.571945,0
-15.839500925622042,-0.008101726614256677,-57.715946,-16.571945,0
4.3407382519776,0.008562837753231634,10.586138,-3.4052103,0
1.6647550214265063,0.004386943712759717,-15.602083,-4.834503,0
-0.4811867767327449,0.0006487506078372007,-18.195505,25.108232,0
3.36447831972483,0.0018583441907509268,4.963878,-15.693315,0
6.48329956098368,0.00246772010012819,27.76852,16.030458,0
-0.006854315578639358,-0.00485786367787,-18.892422,18.284534,0
4.224597619645754,-0.0033296926217332157,10.526221,-5.1824293,0
8.958232721408956,-0.001386825603404418,57.736076,-10.273726,0
0.26799559309875853,-0.010529207915865868,-18.603516,14.05687,0
6.149887559758165,-0.007638126148066249,22.690804,16.406282,0
0.13260346088651787,-0.012607116718527323,-18.684156,16.003666,0
8.476097463109939,-0.003751070117587574,51.48006,-7.3528566,0
1.2590825951048483,-0.007744678041404995,-17.277853,0.95894897,0
0.5465889699465851,-0.006366941652714786,-18.619425,10.343015,0
2.124886322081478,-0.0030975015355636515,-10.505693,-12.595888,0
8.552726128202655,0.004176624138864327,52.36114,-8.1548395,0
8.839867010531124,0.006379844975342053,56.463852,-9.095547,0
8.634885250119558,0.008176677692006251,53.46793,-8.833863,0
0.11334592982741398,0.0031058113911939245,-19.275728,16.338263,0
2.8155662405716715,0.007303371652170654,-1.8065106,-17.415966,0
-15.839551434992302,0.05387457921669636,-56.617477,-1.6898931,1
-15.839551434992302,0.05387457921669636,-56.617477,-1.6898931,1
-15.839551434992302,0.05387457921669636,-56.617477,-1.6898931,1
-15.839551434992302,0.05387457921669636,-56.617477,-1.6898931,1
-15.839551434992302,0.05387457921669636,-56.617477,-1.6898931,1
-15.839551434992302,0.05387457921669636,-56.617477,-1.6898931,1
-0.21056605614480972,-0.012890501392774922,-18.689947,21.028427,0
8.756552037763162,-0.0035194745814663975,55.178894,-9.265017,0
0.6126252625760475,-0.008278513628482642,-18.94931,9.3728075,0
4.938377197477193,-0.0027402632490520773,11.6625185,7.145779,0
-0.5298675490638036,-0.005289760823288248,-18.172005,25.597843,0
2.9370623971320224,-0.00046071384753076927,-0.051148564,-17.752846,0
2.42159265183753,0.0010797221553247027,-6.833334,-15.508627,0
7.77587545528616,0.00746731920065713,41.9999,0.012658499,0
2.440917461011386,0.005027887995936453,-6.843873,-16.134956,0
3.2116202252316537,0.007630427593497302,3.2360399,-16.378035,0
-15.839500925622042,-0.008101726614256677,-57.715946,-16.571945,0
-15.839500925622042,-0.008101726614256677,-57.715946,-16.571945,0
-15.839500925622042,-0.008101726614256677,-57.715946,-16.571945,0
-15.839500925622042,-0.008101726614256677,-57.715946,-16.571945,0
-15.839500925622042,-0.008101726614256677,-57.715946,-16.571945,0
8.156642016389936,0.01171395867615388,46.820557,-4.5158544,0
7.022798293743302,0.008811542262336047,35.676064,10.006886,0
5.4013646146991,0.005506480758853627,14.951406,13.441559,0
6.816990839790703,0.004709381614731001,32.998775,12.776563,0
1.7655212595456522,-0.0014281564295828275,-14.925727,-6.6856813,0
8.792409314938157,0.0024084473834875553,55.852367,-8.873096,0
8.860226452073258,0.0004983460046616983,56.4092,-10.148449,0
6.398189313185005,-0.003500874291546552,26.631605,16.31329,0
3.1182216171759745,-0.00817553040876362,2.1308753,-16.859331,0
5.748112366872602,-0.007969906584577302,17.969751,16.12688,0
8.826476662860882,-0.005427835625667399,55.979897,-9.949784,0
4.07484714060112,-0.007385562189341499,10.603923,-7.8358746,0
4.983888375984117,-0.004668784582179342,11.256082,8.190243,0
4.672122724565293,-0.0029601325361738873,11.244717,2.3889194,0
4.925049699525617,-0.0007851650745180905,12.246843,6.7678466,0
6.175000472544108,0.002213130946913111,23.016426,17.100517,0
8.388719276027574,0.006007293372036315,50.32139,-6.292137,0
-0.599727543949049,0.0005508612702556093,-16.690447,26.115927,0
8.262295904991914,0.009835102367063087,48.558144,-5.2596207,0
-0.7431211340127799,0.004364656491475216,-17.1039,27.64705,0
-15.839500925622042,-0.008101726614256677,-57.715946,-16.571945,0
-15.839500925622042,-0.008101726614256677,-57.715946,-16.571945,0
-15.839500925622042,-0.008101726614256677,-57.715946,-16.571945,0
-15.839500925622042,-0.008101726614256677,-57.715946,-16.571945,0
-15.839500925622042,-0.008101726614256677,-57.715946,-16.571945,0
0.941583446187158,0.005755862396910061,-18.005163,5.0099363,0
0.5100513537318019,0.0034334052820952365,-19.255325,10.820134,0
3.176344279193513,0.0036690895231146214,2.7047908,-16.852043,0
2.449943364454745,0.0011031337844542577,-6.2268453,-15.30962,0
0.014526367917124361,-0.0028741039637907306,-18.388258,17.654293,0
0.38605680718880997,-0.0045334030687342874,-19.558916,12.324173,0
1.6882840480984047,-0.005424145536650826,-15.396108,-5.3541536,0
2.8347855676212586,-0.006443484166624103,-1.4689049,-17.63889,0
1.0301297679158221,-0.009899847981060361,-18.417408,4.1204486,0
5.158499091806318,-0.008456801129668179,12.544788,10.81457,0
1.297383507871368,-0.01164525735224231,-16.878447,0.5193912,0
1.1721933708716339,-0.009782533808774474,-17.659216,2.2482748,0
-0.764327754135639,-0.00941558251929564,-17.496021,27.992085,0
-0.5821357168786907,-0.007299026997756641,-16.832207,25.843233,0
7.6332342694383275,0.0014512165504498853,41.119804,2.474662,0
-0.7272582302170072,-0.003486659497639266,-16.431726,27.228706,0
7.2260684049777435,0.005047192249989507,37.450314,7.3232155,0
5.0495506224741025,0.005215957595709142,12.343218,9.104351,0
7.928515977914989,0.009559471487250448,44.264915,-1.432393,0
6.563780994978282,0.010398595920236176,28.849363,15.721371,0
-15.839500925622042,-0.008101726614256677,-57.715946,-16.571945,0
-15.839500925622042,-0.008101726614256677,-57.715946,-16.571945,0
-15.839500925622042,-0.008101726614256677,-57.715946,-16.571945,0
-15.839500925622042,-0.008101726614256677,-57.715946,-16.571945,0
-15.839500925622042,-0.008101726614256677,-57.715946,-16.571945,0
8.315456786091405,0.011845105731893568,49.421963,-5.719678,0
0.7926358141855072,0.0036667596486665843,-18.887678,6.977592,0
8.908887059619696,0.008402944623298936,57.524467,-9.027039,0
3.1876604232867383,0.001712330400195583,2.9931297,-17.343863,0
-0.7052861294061952,-0.0034685152385378615,-17.762537,27.296661,0
6.6825420021979145,0.0006661479325060782,30.575703,14.088754,0
8.731504830799492,0.00039204945761639465,54.986965,-8.788022,0
0.9239832198491218,-0.00802139850340211,-18.897812,5.1124697,0
4.279353125262949,-0.007216683955789449,10.712593,-4.1936646,0
1.9900845769466091,-0.011073234322608982,-11.809977,-10.264965,0
6.8067030409817075,-0.007095736944052078,32.239178,12.287881,0
5.562849946665116,-0.006156789907578286,16.521769,14.4783,0
5.110474367384166,-0.0045642516089543506,12.154653,10.118809,0
6.025906071234244,-0.001842196840684096,21.32411,16.165981,0
2.198965629391564,-0.003036327860954202,-9.454213,-13.113045,0
2.263250404507188,-0.001017138537235951,-8.496667,-14.007611,0
7.41153522378062,0.005200348201853444,38.668766,4.7173448,0
1.7890711233309755,0.0025234984031214935,-13.932492,-6.8529058,0
7.64867754675493,0.009328384753956698,41.57087,2.2231383,0
4.002217179089422,0.008283291700323048,10.40399,-8.763971,0
-15.839500925622042,-0.008101726614256677,-57.715946,-16.571945,0
-15.839500925622042,-0.008101726614256677,-57.715946,-16.571945,0
-15.839500925622042,-0.008101726614256677,-57.715946,-16.571945,0
-15.839500925622042,-0.008101726614256677,-57.715946,-16.571945,0
-15.839500925622042,-0.008101726614256677,-57.715946,-16.571945,0
6.086994042417027,0.01000487180276366,22.031424,16.968077,0
6.949139899060713,0.008750716171590511,34.663464,10.96997,0
7.075905009703179,0.006889293219742854,36.07077,9.314252,0
1.7881841749546883,0.0005566621340307165,-14.280752,-7.03765,0
1.5122079223191864,-0.0016373391045760854,-16.170307,-2.31458,0
-0.5923179589658094,-0.005341331514117087,-18.264063,26.304686,0
-0.7114202848552402,-0.00740578841845263,-18.19059,27.341646,0
2.356251771377737,-0.006838650803615565,-7.700713,-14.880209,0
1.5522478503072517,-0.009468690039142302,-15.712861,-2.9885876,0
1.599760192568299,-0.011395558838700026,-15.937104,-3.8721044,0
